,Temperatura,Pressao,Velocidade,Vibracao,Anomalia
0,45.59970653660494,18.513292883861965,130.85284186795298,6.72702994208898,0.0
1,77.28928685254539,54.190094737835814,123.48939953599991,7.966813971913723,0.0
2,65.25966679962728,87.29458358764083,453.12729026051835,2.50467898792499,0.0
3,57.92621663083701,73.22248864095612,124.77309992475305,6.248740996069989,0.0
4,33.581025224334006,80.65611478614497,135.97486306431549,5.717459831437487,0.0
5,33.57969861849114,65.87833667107174,379.69913120898184,8.32830376788271,0.0
6,28.194598669250972,69.22765645178525,224.86992122527,9.060870604812605,0.0
7,72.63968801762144,84.91956515653193,388.3552784775906,0.12156771477386807,0.0
8,58.06132564587649,24.966800885918595,32.683078782192624,6.740199190587926,0.0
9,63.943991778782504,48.942496364314046,243.78559683669215,0.5183579911972902,0.0
10,26.132147186269133,22.120944181960223,16.806800091641318,5.488586650773559,0.0
11,78.34504186890969,98.7668007996647,31.32660172767726,2.876327290436782,0.0
12,70.7843452440232,94.40593396866133,453.2187266722055,3.067765995221412,0.0
13,36.67865108730519,3.94268113685059,69.62268555879758,3.5295850345235658,0.0
14,35.000373196390534,70.55751725156884,266.21034113760857,6.212924490496102,0.0
15,35.087248041938864,92.52483174156659,205.54780130035329,3.340499656687692,0.0
16,41.73332336277457,18.057534512733355,173.67166312942135,7.326990505902804,0.0
17,53.86160373977308,56.79452305526295,449.9166728436362,4.045273855738697,0.0
18,48.75697602531636,91.54882975880419,10.91169838774475,0.6835320030995862,0.0
19,41.017602710892305,3.394597858579884,331.8948430877945,7.837598424841072,0.0
20,58.651909209730874,69.742026724684,481.6972171067752,2.85758324592706,0.0
21,32.6721623358623,29.734900737255078,280.084091730921,4.3276687959926265,0.0
22,41.067955669437,92.43961953765304,468.4112310165459,6.8544388322190155,0.0
23,45.14990138115304,97.10582451653677,26.128939643011883,3.32456157148712,0.0
24,50.08384913193697,94.42664891134339,209.3966595370807,0.5658565614671562,0.0
25,68.18467787661575,47.42142166574638,130.07889548102557,3.739210470128136,0.0
26,35.982058018709786,86.20426509893134,365.41048249036487,9.444485826943033,0.0
27,53.282894112748636,84.45493985350704,490.64854524862335,6.417343972985582,0.0
28,57.58280128741234,31.910047324325564,128.2650312221239,6.71479148667207,0.0
29,27.554772699599873,82.89154741506773,327.08730073703725,6.322821536376399,0.0
30,58.41496685457911,3.700763471549262,99.04881637987006,1.989921389594368,0.0
31,34.378826802801036,59.6269878482053,282.66512728580494,4.183338641022801,0.0
32,28.577837614190372,23.000883728770305,231.9662433441681,7.509397983633183,0.0
33,77.18870454893333,12.056688577727881,486.0026648157685,1.0137289755315915,0.0
34,78.10976181910077,7.695320162920916,304.26363634823326,2.7785277608971226,0.0
35,69.46185414640536,69.62887758781397,174.75318604340939,2.763191084658536,0.0
36,41.753757304535384,33.98749637680661,57.04789244396669,4.32018927594506,0.0
37,30.371966270351113,72.47667715287615,75.62341436746728,9.803687409421851,0.0
38,62.63281645816863,6.535634079894237,112.65846497561755,0.6750254668382194,0.0
39,49.20838715567807,31.529033783061035,125.483330670149,5.1870099438059505,0.0
40,31.712102916462836,53.949129237533725,425.3080289205689,1.7936468201221045,0.0
41,52.23473005611986,79.07231648389636,280.61139414126245,9.706765454097441,0.0
42,26.89136866133701,31.875250293206992,261.6954556871832,1.133035047274642,0.0
43,75.01262211433301,62.58913764370091,57.38443593460873,4.036010023615912,0.0
44,39.232898988000926,88.5977748236187,430.0698466747175,7.378849848346062,0.0
45,61.438725639469006,61.58631881823046,361.40715160424185,7.045544280274453,0.0
46,42.1441091849176,23.295947475363377,33.83418095000079,4.227286368939323,0.0
47,53.60374116477959,2.440078155653802,353.9175486148843,3.4652416795271823,0.0
48,55.069065363880384,87.00988739009298,271.769108671323,3.9761237855287055,0.0
49,35.16699505390399,2.126941085038714,40.86267287338913,2.642762631586393,0.0
50,78.32715452705072,87.47016726841994,229.15032076432823,2.053329387067998,0.0
51,67.6323052848613,52.8937134027212,242.3481435650235,4.8303969755889,0.0
52,76.6724417860304,93.90676985128962,82.88727008163788,2.685337560676073,0.0
53,74.21550427352068,79.87832357736654,472.8490735001412,2.874616648972501,0.0
54,57.88449883460968,99.79341105333374,424.98768574033096,6.56756063474557,0.0
55,75.70308292627143,35.071181545171015,334.51116866455413,9.685373316998922,0.0
56,29.86708761285557,76.71882889311269,231.1477805003036,6.036372005593751,0.0
57,35.779057433052984,40.193091360924214,205.88277079225426,0.7697946706496628,0.0
58,27.487500890079595,47.98756203039088,325.4867335754771,0.7558361385406698,0.0
59,42.89316819197954,62.75054632183701,272.7159347034527,9.51423220845566,0.0
60,46.37725093292151,87.36771141863387,31.136552940942806,2.9729079030733363,0.0
61,39.924196747564274,98.40834691992951,256.25132438516584,0.9206698608247543,0.0
62,70.5805630033561,76.82734138645182,403.2018086164197,5.990445871503816,0.0
63,44.62143296814741,41.77667821673337,229.61993879847904,6.236487782902661,0.0
64,40.45139803280594,42.13570022770702,25.978288777134207,6.485048201186881,0.0
65,54.848284573703666,73.75823015888915,393.13909969201654,2.674020278575413,0.0
66,32.75083237361194,23.877714576830233,100.6818910679872,0.15110684214475034,0.0
67,69.12083394147218,11.047411313139467,129.31041744401938,9.650153694544718,0.0
68,29.100285402387396,35.462215764077655,82.35317671614794,2.508930456911025,0.0
69,79.27878151302845,28.723899165408174,165.10753243574877,6.760262880525475,0.0
70,67.47346231131615,29.630812045599008,378.3757528443175,7.0662986987870955,0.0
71,35.92936248437948,23.360775104990992,259.6929297519687,6.100074170794857,0.0
72,25.30371644179813,4.209318963636188,102.44063707535628,3.129073942136482,0.0
73,69.85037856501589,1.787393473341381,438.91503907602043,2.7109625376406576,0.0
74,63.87715391161894,98.77223897360315,439.7909274757646,5.976682827027031,0.0
75,65.0953942422543,42.77731337358623,435.28921252300347,8.660956336116914,0.0
76,67.419869067727,38.432664715968166,119.39810569076964,9.467337289233956,0.0
77,29.072455845374968,67.96472826930699,225.61967209049405,1.0590580440375763,0.0
78,44.715615069935,21.825388786506416,492.49482807043756,1.5482861259771985,0.0
79,31.372798273882132,94.99611839502253,386.0062381549952,9.447362587830796,0.0
80,72.47068842315764,78.6345014415552,13.583710612779909,7.365352283347926,0.0
81,59.28139697551568,8.94110023122595,32.602295630246026,8.829938248297731,0.0
82,43.1993913668957,41.75807757849284,231.96568840616638,2.026326341353432,0.0
83,28.4957092657313,87.91183075621647,454.6101029307801,5.875858711094018,0.0
84,42.10402769436142,94.47320222914102,269.3508989763571,7.011395944174737,0.0
85,42.885082711471085,46.74015112498697,248.9062540171451,6.801118854469727,0.0
86,65.12833980859352,61.34113892107077,52.73684997831529,4.081516908666981,0.0
87,60.06566092453672,16.70339460920752,328.390052362147,0.15394891691308477,0.0
88,73.79670084169797,99.11686261369765,411.05158030011273,5.829260568042631,0.0
89,50.97182088390721,23.16717013834434,190.21000375378117,2.5310153917960876,0.0
90,31.57768352660659,94.27317741351257,387.8059254626637,4.502542461428903,0.0
91,64.22846329726472,64.96466489923685,482.2383269504058,9.575810150838173,0.0
92,66.84317767392936,60.773679487885914,101.88322956384455,3.990353176424347,0.0
93,55.87024586632229,51.26885110165086,261.66481559737065,8.398016066644267,0.0
94,67.40319489750085,23.06698117177587,143.56897904228776,1.8854060574925113,0.0
95,52.15875780004149,17.652803200550828,396.4272095169197,6.724604980250288,0.0
96,53.75030561600967,22.048620907017536,288.79668294057876,9.770069544389434,0.0
97,48.51475600972023,18.643826214425452,317.29120877515186,1.018931008729368,0.0
98,26.398051970925234,77.95844735667534,398.957079807947,0.08319942227192012,0.0
99,30.934028484631746,35.01252591667301,197.98523633122744,4.335827926326143,0.0
100,26.728605212770383,5.784267656339637,457.5450342035216,0.926254830513672,0.0
101,60.00257261950792,96.91026301408114,266.51443362307,7.483843496762313,0.0
102,42.28957895919797,88.37858849634257,78.977411417674,9.14548663848559,0.0
103,52.971388014058654,92.77522831952129,347.94955908440124,4.340209727087588,0.0
104,74.91615606593513,99.49078226464353,396.6306752191272,2.5871164215544096,0.0
105,38.71107260318812,17.38952492194873,158.38083853376332,4.344033190066098,0.0
106,47.57106076695963,39.62420189026587,428.5896284993765,7.2344781785000105,0.0
107,66.55531261986768,75.82384757040913,453.0716273828832,0.09054161580370979,0.0
108,37.58389910203924,69.60206180537922,138.45224368890447,5.894539894846972,0.0
109,29.233895040583615,15.389590633985506,491.76073635761105,6.132916848873791,0.0
110,40.93632991025724,81.58331249906178,70.35576402437921,6.376882468959355,0.0
111,33.86717079897024,22.444057183666068,101.00783420124499,2.420220799808772,0.0
112,76.13337087884152,22.38176148226231,92.11241961901307,7.140527233781268,0.0
113,69.44662087604294,53.69744228934136,446.9948550039352,0.9139148633177641,0.0
114,59.83720660807329,59.293993484170315,327.14627616248094,1.9927033646680081,0.0
115,72.93033246032448,58.00862078378112,76.05214161113643,8.77470046654482,0.0
116,69.20196422945129,9.148683739775487,220.1617091841745,7.387231507265664,0.0
117,35.26135323873197,87.74608626303804,307.64901253490103,0.1374555401134525,0.0
118,74.09074491694878,26.560004258870606,41.73204249469165,2.4837626036980023,0.0
119,54.66382330536079,12.951492128280417,441.20818420366936,2.1440648299316454,0.0
120,69.40920853402343,88.87480798689772,401.8017677207676,2.7080632803697258,0.0
121,74.28502149579214,95.56514982297534,252.6033867883191,2.475597702798864,0.0
122,42.49019112345251,86.21276172654507,483.5633076295852,0.6252629574284574,0.0
123,31.052855849022222,80.95160747248781,208.88048963754986,4.589405165968204,0.0
124,37.53643393980679,65.52419806390218,492.0551595182489,7.327334747861651,0.0
125,48.490928374444096,55.08573706091393,333.95999940181355,6.067317247174364,0.0
126,69.99081212573712,8.698675991141014,317.3356366269707,6.728716685980798,0.0
127,72.3401820790989,40.845321307069874,82.9774476478925,0.8114917853623915,0.0
128,25.38236717921549,37.2688517012314,440.96387915232197,9.514907101767871,0.0
129,53.091101641766116,25.97537837603262,213.74484396030758,8.384918338430248,0.0
130,47.95760517318284,72.3420113688585,81.11670289123968,8.050903184956628,0.0
131,37.215929575890165,49.58757350787708,6.30375998787952,8.229838050417674,0.0
132,31.592595203352555,8.104621590764793,279.8778418191913,9.327105081327613,0.0
133,43.56883442719953,22.018320194981133,263.69981106133815,5.442539661136977,0.0
134,76.86003371518856,68.32587636595959,359.67681118457926,2.002820178676259,0.0
135,42.77616126114154,7.613085949030019,445.12902650890106,6.167836078525411,0.0
136,53.53348419588514,85.12069140487687,39.70329232151476,7.42881493667939,0.0
137,63.66604273923478,49.51465270139743,365.7482451701812,7.379173933540254,0.0
138,44.99962813086117,48.0586577326648,93.70597204879111,5.214490241668801,0.0
139,78.44801454965284,59.24077846595176,429.088526578582,0.6845871933357806,0.0
140,77.93460122181611,82.46809659251491,409.53175693082807,3.7111293843012785,0.0
141,38.848026270395025,34.780920790219305,270.3968774927722,9.207666084633573,0.0
142,52.348667824081204,67.80161525590636,355.12139931165575,5.84448909757426,0.0
143,41.548307039922335,56.5731963995791,157.1750565918742,5.383319432557134,0.0
144,40.66622719076072,26.70282701694213,235.58394946640732,2.688535143821935,0.0
145,27.028782104499303,87.8629986355158,410.81844885523583,3.684489199165789,0.0
146,58.526038368894326,79.74260216069281,229.63259858660695,8.953460891531693,0.0
147,52.64734627758738,65.84518346584255,178.8991326627209,6.664630475268357,0.0
148,27.831331318749413,85.05817290942419,247.10622362514994,7.873870267523328,0.0
149,40.32555553301363,86.72942009598023,414.1246262186092,4.543454230676551,0.0
150,74.95462372816596,70.83629767150347,167.60402368543637,6.302472194561579,0.0
151,38.17590398668348,83.7013328363672,86.8807965678719,2.483836087432075,0.0
152,32.96921796501727,69.74714616692836,356.0070101653904,7.054608302834863,0.0
153,51.919901815265966,68.01407717603004,412.9891063540409,4.276013337033373,0.0
154,79.21077497608303,61.86113782151843,50.318739261766666,4.4254551481474556,0.0
155,38.31303993313252,75.27166395576413,119.93705637797237,6.493223245768816,0.0
156,61.96745510732332,15.86051052930737,70.98599488049695,9.362806214689266,0.0
157,66.88907884307946,88.08707591989284,173.9707057910833,0.6400634660862092,0.0
158,38.07006491958198,87.1843527745232,225.17548945270633,8.247432373470076,0.0
159,65.05189917365227,2.9247283034559146,374.41316848165326,2.9238311041219314,0.0
160,45.22807229955893,82.58167505647627,325.57379244083705,4.439194545063778,0.0
161,59.77682068264687,12.886986747344519,310.4642837392156,0.21913328775008956,0.0
162,59.844134091849206,33.51188542591419,176.1874733048272,3.0104607783431305,0.0
163,54.46760762411172,74.35082562916078,420.72377654238,5.026312426301304,0.0
164,29.965937352992455,16.07598960483082,235.64358369908228,0.5617607734743901,0.0
165,70.94163725740809,81.79670241190622,489.55246900757726,4.910957293831651,0.0
166,42.642903573445466,83.21341779577419,317.0710691478684,9.271106288584273,0.0
167,35.258518071991986,50.746773376083624,63.13237078225137,1.0539321810780522,0.0
168,27.242632785512015,0.638587171683358,338.088781037717,7.644407280755043,0.0
169,57.4991118753533,28.703813317491278,162.5520077158495,4.096710533759927,0.0
170,62.266039901325534,61.69269183757422,343.1635983430487,6.55173714524338,0.0
171,25.912330591032088,98.11861780274235,34.82057408120287,2.6023659798522933,0.0
172,53.165118206460455,63.18135270166684,87.44071858797969,1.5949226254135829,0.0
173,37.45726763588659,25.98035810641598,427.8686294528932,1.6046261427122643,0.0
174,60.48450347251974,63.40057030996113,113.58977851175744,0.7049194564314465,0.0
175,34.59015359527453,53.99853797158555,418.52056262147005,1.8564670490124302,0.0
176,63.00157559563563,77.98453951511436,139.63804422720523,6.642193849889683,0.0
177,46.27044404652956,10.698063882695841,321.4409550293538,8.81690611843508,0.0
178,76.5201493805204,76.1027902502028,347.0752867549155,8.141256855911617,0.0
179,32.56365192802963,54.12665786761103,256.3273765725265,6.851343098744841,0.0
180,43.758649307764216,96.29920038589947,152.65533834836563,1.1043186341110267,0.0
181,31.2410436682324,34.187216603868606,106.32218818554806,2.8918744629594983,0.0
182,75.85814900532095,63.26218931339481,16.59467728121311,3.0980687532246898,0.0
183,73.25366443595397,93.20281055100175,151.9732006203619,2.4995694639762123,0.0
184,39.18678952433356,10.250972799067926,326.5813952656415,5.150056597097231,0.0
185,61.299122531879846,93.72284872364511,469.15240922424135,5.355538148796725,0.0
186,69.94722101106687,68.78857223008133,435.602241131526,3.568859751711102,0.0
187,55.53604463797043,6.78370591051719,383.0323882676513,3.53789158736436,0.0
188,54.130781809580355,30.096356694681624,394.2236716266493,8.285555979060813,0.0
189,38.30187599952484,70.81720886452815,332.4924517379976,7.892928483196856,0.0
190,30.120652229324456,6.73506014687717,130.1434287830015,3.0779583168074565,0.0
191,74.34686668743296,58.217046017627325,453.5975153529149,9.137884438732593,0.0
192,74.52299314398317,34.588305695295674,335.36615595291704,9.52815017002506,0.0
193,59.820580150029734,62.091551776747714,280.22031549021995,3.267425420300408,0.0
194,43.64663850767854,4.5742033812512854,55.494734606740536,3.5442494879305486,0.0
195,44.20652660369635,87.15368061523763,223.5277719032127,5.056341534219588,0.0
196,64.92756233786316,97.3488969177397,230.17913560096315,9.411208125336735,0.0
197,74.34106429739174,96.88778552856915,432.28180476133497,8.763194331423115,0.0
198,73.78975333458145,74.96518317429248,273.32411009389426,1.025679625835898,0.0
199,67.89315502216931,13.008624013063198,190.20027448520483,3.927307432714162,0.0
200,60.31174053848583,75.82631959290225,488.4001642553297,5.533711897497718,0.0
201,29.627698074727686,2.458691645880151,55.36029666315784,5.0313247255154,0.0
202,33.88957927520376,2.2123551528997254,211.27421415597232,1.9386306793689267,0.0
203,74.42048036898936,32.36102191495412,21.012337585702646,8.588167711681546,0.0
204,58.35359828127745,48.864319040466576,369.95206038346515,6.769407829968373,0.0
205,25.50583783891463,77.04074178077931,459.03827609957534,8.379083748518037,0.0
206,30.580934857631767,68.32953766065052,140.01866477524473,8.587642793494721,0.0
207,61.49259730094307,44.590270637674834,429.17083839956047,7.483558536657398,0.0
208,25.278387111542028,27.362666628166586,146.10911523094887,4.392106012497173,0.0
209,33.844442827962425,99.71245001577111,455.3850808219576,6.105467550154246,0.0
210,55.18035841516223,42.6181302235973,376.98095179839197,1.6036540611974315,0.0
211,63.05423587309813,45.13870243296755,402.4533884207193,6.736454174749077,0.0
212,60.85786927264303,16.362382119166917,9.003277800227249,1.7925325573928075,0.0
213,37.33481202033079,79.48095487499293,481.405178537013,6.939495905101568,0.0
214,64.16985717411447,69.36822257814886,363.3354960351616,2.2959816075396864,0.0
215,38.048699812324,22.07696127887604,152.37554769306666,1.1755130015021997,0.0
216,42.89698339875973,8.238104561584269,414.69733242942345,1.6528449014295743,0.0
217,66.05702728149133,68.0499302074713,140.76059920746496,0.01992135219070268,0.0
218,60.72980944759681,65.45112142811352,436.37691978306395,7.187396178535303,0.0
219,71.70728757717978,27.32595269982093,56.29019520596851,7.324010490583791,0.0
220,61.16870907651889,95.08635622504103,351.84298873039785,5.149333499132594,0.0
221,56.25697318345094,15.105789178090024,270.34923832245516,1.613628010553837,0.0
222,30.152112230545086,43.23348010426019,48.26723509772041,0.8355433751068975,0.0
223,45.224369168268844,94.36159201675989,120.9469141294195,0.1912896643728701,0.0
224,39.5861302224949,41.97273169261223,6.202018138657395,1.657481769652207,0.0
225,38.419430385849594,63.85259476640856,234.38398273225292,8.908555349831467,0.0
226,78.51558051138451,39.75943979627943,150.6326303800002,2.4153684170168175,0.0
227,46.62037485667182,27.421520234867003,299.1787421488794,3.542713272172157,0.0
228,74.06256053474124,98.39776479598282,148.6189038543086,1.0534548448133318,0.0
229,59.712624429849456,40.9334006315043,149.95955575349234,2.223613047481703,0.0
230,68.71462169479067,89.40992036791344,371.5965993658017,5.192245707802051,0.0
231,52.645040120785566,22.995460589108617,24.071417989176723,6.077526830956526,0.0
232,56.72971365444975,21.31047040250833,451.44749759599364,2.4535231416621106,0.0
233,52.088473160037516,3.113408288451136,426.13193719559075,0.5773215922511721,0.0
234,35.738364328892445,65.1666825375885,333.90234161320325,3.9103286912739863,0.0
235,64.73486633938279,36.852634372376116,296.61078505369215,2.342033709263341,0.0
236,40.44247993424707,86.4358249839637,446.1512490698261,2.195539232298019,0.0
237,26.33737815372996,47.32099066915572,92.66508976435722,9.598628027134552,0.0
238,60.50097627489423,96.81934279147217,39.484581095414306,6.16300485925724,0.0
239,34.74108736738769,18.552551570312115,119.75508495476905,5.5687844317209585,0.0
240,76.72522213941028,86.86231679556109,397.2891393500951,4.157751035233219,0.0
241,77.46607173514231,77.65968527917417,17.33513336324166,4.289443334301443,0.0
242,75.31754146212467,77.0921844644052,291.40341754174483,5.4090500383808084,0.0
243,45.358728514049446,84.47832281168877,497.71875809565495,6.964298070361073,0.0
244,25.85011390908771,76.10239909429988,427.8480469187697,7.021460961818295,0.0
245,76.0575209423249,62.62203216314154,260.72284452179474,1.7169390770544957,0.0
246,48.55012815745229,13.124487768238758,31.82045464332117,5.0011275207662695,0.0
247,78.16601504740183,3.2526179491251916,415.68675719285494,4.119580950341019,0.0
248,77.9990987399089,92.08478478156869,299.48925408860526,8.705269662693842,0.0
249,71.9155200507048,61.665031452073805,57.466498529783415,6.314189212183764,0.0
250,41.19468906382721,79.65372909761763,46.9286424116781,5.325040664159818,0.0
251,46.18037507310589,48.152235151255006,454.8134097182962,1.1539464217891737,0.0
252,71.81251693342713,11.730818896239448,334.60013146903924,6.056378893234115,0.0
253,42.430710283595275,12.518579220255043,414.64339965837775,1.1720390568023342,0.0
254,34.32210106773509,68.55652872289714,439.48945014113366,3.3720657556575206,0.0
255,55.62406943520926,43.030589489946266,285.8861760241611,1.4284196481433187,0.0
256,76.48851257884294,20.052472670033673,258.72317587752065,6.920736470243689,0.0
257,63.281638817123515,49.15945467414369,215.2137051604951,2.062521138361526,0.0
258,56.35336435491507,6.420893707513409,158.47329389555964,3.91859373188026,0.0
259,30.34470715739227,58.19714019143988,217.29798042935587,8.956747776187786,0.0
260,58.825397468454334,26.899340443509768,386.9398278650782,2.043163833989703,0.0
261,79.45296175573448,79.75591006371882,300.96171550756577,5.078050639587791,0.0
262,32.70462083800882,31.036195892357377,446.26164497742303,4.19271661166022,0.0
263,53.508130880005524,45.52201490818012,221.69000718959387,0.18124041045729733,0.0
264,73.25551895603755,1.1620539908100636,303.54478935937703,7.927581135728127,0.0
265,65.74227397648124,7.244688779455888,315.65377654599433,0.6904590631459973,0.0
266,63.335865754739736,39.24935564066848,295.84858115316274,4.7425502097695365,0.0
267,63.63662461929101,47.99388347171235,351.31688654275814,5.606782949389499,0.0
268,44.77201331708653,60.00205481193037,118.71673418740313,6.284264566145871,0.0
269,41.14755143454714,29.166257870930323,256.1818887728953,6.886316293078756,0.0
270,69.51486355131826,69.49818861265426,52.11240140417384,2.532723835227151,0.0
271,69.55623670735494,86.01223971892045,192.25566382240626,0.09978776658449373,0.0
272,72.68897752190571,77.98509888933498,243.83353431063222,7.2344366235491195,0.0
273,75.22823039060592,3.9618825348357145,326.11212977273624,5.356565993475786,0.0
274,53.12383193735158,48.0506947257829,475.26552629310174,8.361177032072488,0.0
275,52.58339620779598,10.493017841817487,300.32553327417793,8.213883629006943,0.0
276,68.90623484317263,24.204501586252746,371.7969580882799,8.433261677878832,0.0
277,60.74801619277709,98.66625932671465,253.13302974760137,4.850946599795401,0.0
278,63.60817824917368,14.249554290151323,317.0520156881657,3.3362839583686563,0.0
279,68.76859681898556,49.888815345135605,35.46610806688671,7.9155820259137,0.0
280,73.95029379996615,61.81557343181191,127.19579042092349,4.51294113029255,0.0
281,43.58973362683447,70.2464970544104,180.92654660256935,1.834421964034345,0.0
282,45.65706239519692,55.96486834869141,236.2466775032568,8.549740195614744,0.0
283,30.169006691247795,0.9770847419183659,22.824372751191866,8.825598767723474,0.0
284,56.80540775478957,32.64613082439919,70.01204877665884,4.663097561401701,0.0
285,26.976825058820815,51.771164338471145,138.4071538956529,0.7569972730978747,0.0
286,50.60789099728531,8.786649914483336,485.7663454505253,3.8782608991693124,0.0
287,54.845454908916714,35.06269312091808,165.67350355152539,8.035376594626033,0.0
288,40.75976886705564,3.3203108791366565,241.02052905604125,9.017740285462287,0.0
289,57.49582933129559,7.857849715502074,98.04885636919647,2.0347274249759586,0.0
290,26.67751374664772,39.69232762015961,305.3900355378841,0.6697361202527152,0.0
291,27.054150381206792,13.271575404306034,140.34160775798716,8.773504531328387,0.0
292,70.2430308362812,56.75408482615582,103.4962892192134,3.894049389788753,0.0
293,44.81048527761946,68.94649691372658,258.2863142229895,5.417609642675632,0.0
294,31.98832819585366,80.05866991090829,2.7528995802104106,9.680658120507589,0.0
295,53.72337930301424,20.01502442448101,3.8320163246126637,0.6656472791422285,0.0
296,67.3496454204236,16.748258225906977,109.53440455092888,6.483180074520956,0.0
297,36.870156512326375,10.456784033440025,18.360681250410572,0.7410542257486707,0.0
298,59.25897617004502,63.64302495436367,54.01287706534569,3.7546892846650035,0.0
299,29.694110574657238,70.64757264869012,169.4303246693758,8.038145451934467,0.0
300,27.842494664273424,3.1586144825642037,401.29283978990645,4.334722327556344,0.0
301,54.224504736248136,93.62122462436898,286.02432168465043,9.971823539029504,0.0
302,54.73493168855586,5.1971283651472415,256.33386297820823,5.590592849466022,0.0
303,60.058644582401364,54.12963353010704,146.74441160406082,3.2116215263595347,0.0
304,64.93502335474639,70.90605194509165,465.8768597164082,2.2011132590475313,0.0
305,78.67186437043941,87.09691237460856,198.50752061859583,3.5052053428616183,0.0
306,53.396519156565745,71.40869321324278,43.54638339788575,3.725332737595508,0.0
307,42.762606011768526,80.17280830697918,308.5332580589006,0.6871367772396098,0.0
308,68.73524071227871,33.94501925428061,56.919196738300705,3.6957419942677316,0.0
309,39.89577381941408,81.48251137465122,172.61157140084603,4.642385197392249,0.0
310,49.14342813880999,8.011484638467515,253.70596935890444,7.227377522388046,0.0
311,29.315100973824627,89.48166560605276,437.1112623425879,6.56729484721608,0.0
312,26.39429088785016,54.75923761537362,246.77329017005934,7.087656552291542,0.0
313,77.94566280728588,81.72977699624937,351.1293830158321,0.08363681876857099,0.0
314,70.97890662817133,45.23182845183001,496.40841949953517,2.1766739958053605,0.0
315,63.27858133515339,64.35776951965249,65.74455994899081,6.616842883998565,0.0
316,47.49241194278484,52.640266093611324,137.36576275975975,4.839893681797472,0.0
317,34.53118760389652,73.15895217553319,197.2880377988232,0.05313475668345946,0.0
318,33.604037346909735,8.162998203058958,210.91408926941568,8.044946424318223,0.0
319,38.763359399052746,6.03520839905638,205.5105376327729,7.728095732903374,0.0
320,55.20746655883663,24.710323401014644,453.80550127827746,5.484191629935626,0.0
321,64.30277574850342,15.954468011318834,357.01632223342824,0.6646332577627212,0.0
322,61.31085571947522,87.17835665922017,303.9526070453519,7.665150495325847,0.0
323,40.396364332026856,21.92139873580443,154.68635893139106,5.8371358773136395,0.0
324,77.51759043647567,97.58652558191314,411.8951921106474,7.8195997715795915,0.0
325,65.58433041826727,33.68957917711069,477.5302557424945,7.517469923958404,0.0
326,55.48947288812704,18.211791568869927,410.59914127511325,8.03002071957837,0.0
327,58.644641042889376,78.96985071424791,0.7825525957364521,5.1800806640462485,0.0
328,48.078003433528444,65.87077755008761,318.2006850917035,1.40324518193515,0.0
329,38.62520442256366,49.8195716453139,25.56769072105036,6.711574733796887,0.0
330,44.578497325819384,55.53635509376312,128.80361016686092,6.204737850519706,0.0
331,66.6815360755403,71.92017782722638,29.762350173885842,7.422531871990872,0.0
332,25.79164187463657,22.845474133129873,301.89772647469385,1.698810060507353,0.0
333,31.383995227880394,99.63339160567419,343.2949567463034,1.9497519990028922,0.0
334,27.5301453111964,97.4793162146783,57.24381903295256,8.904095172193285,0.0
335,27.24008412754336,65.03256863469369,191.91944152248973,7.499777984520708,0.0
336,72.05033212060539,19.954245092914512,228.11825447777102,9.08228488700323,0.0
337,63.7011822659013,68.02282424312914,184.5265108804583,7.587153211639207,0.0
338,51.07956059980289,7.219840897917584,60.51250024259652,5.971553059903019,0.0
339,30.38087883580508,3.0652502205806065,209.4738950937377,6.5413273702787365,0.0
340,52.03887313142578,25.76828885112137,375.58902390420906,8.891279239400099,0.0
341,51.040947392931116,46.26229567393163,35.50383226662773,5.7880675451194055,0.0
342,34.526102845050836,86.82725054083805,40.090007040951726,6.323913243283874,0.0
343,48.86184070808852,72.7169069766308,177.38564591799212,1.5647671600360058,0.0
344,46.91776039185554,74.2706521199981,470.86285580946253,4.739212201161028,0.0
345,58.871755392871904,42.54933344480754,334.28632336145705,7.16397111958099,0.0
346,59.93015079772041,34.59349925469629,339.3349783362824,2.709426983163654,0.0
347,27.49172053746245,37.10387629846027,180.9599954189325,2.022541805245349,0.0
348,45.603693804455915,98.76495637360578,296.8303956042692,3.1382680822441555,0.0
349,59.422295364283,4.010919141248248,5.065592013871689,2.4150062799283347,0.0
350,52.67249422190483,86.70314961224486,318.0480232047711,2.1491263703639585,0.0
351,72.10694126535773,57.86754085723934,456.64347378811834,4.24850842868087,0.0
352,61.228149739041974,43.86154191895905,306.2867341724096,9.07838513883534,0.0
353,33.96139348947863,72.52576604151365,436.84929673317254,5.070596467387183,0.0
354,28.881281107023643,48.666894142470284,361.9865277330469,1.8792038081532303,0.0
355,60.33306030134736,87.34232380816606,60.27920820184512,0.7697166938087407,0.0
356,26.4581220797892,90.07018640112585,451.22665364292084,6.961561451379252,0.0
357,57.21765697004048,42.17209268734554,33.22192217788744,3.827987644363878,0.0
358,76.71266327837267,27.682779723505156,266.9837362738819,8.218309465853594,0.0
359,56.651079783173344,59.23503285933622,71.06856189672884,6.595107686407702,0.0
360,46.349345941358706,91.2363345616691,5.853305365452033,7.962414505413685,0.0
361,60.38085201432943,21.066218900566657,211.0171300638195,2.7194603941844875,0.0
362,50.203908977033414,62.296658356348274,147.5203538270781,6.9235892246105815,0.0
363,55.00892341237642,63.156022009252055,243.00024689880152,2.640619846937188,0.0
364,76.78056448270888,73.3113022415281,288.5999433672754,9.390684794502915,0.0
365,46.235645079042584,13.15676851272598,21.86953615447368,6.363742815333744,0.0
366,77.86548101031528,71.58249646820886,61.501647561872815,3.245118001753421,0.0
367,74.79428530758351,90.9032520665641,279.3211982252127,2.6951186229227266,0.0
368,35.7685124134113,17.968310887024195,171.58367658632912,1.909265850716435,0.0
369,28.8148715481341,23.754332492387764,364.58674377472397,6.946409588937278,0.0
370,30.542790075758468,97.13950940416396,326.1458242959698,2.187156129979273,0.0
371,26.002200410835236,18.097695270948975,422.8021814949534,5.953032659274891,0.0
372,30.194362841576062,85.4385093369579,346.24641333461267,2.646350269253573,0.0
373,62.56537253789963,49.227785644803475,214.96553869507406,6.619689447938686,0.0
374,28.915375665312595,24.723107440317705,336.4833111972162,8.149397285405392,0.0
375,42.54365966615687,87.07499012725114,137.69058712770925,7.780252431446532,0.0
376,71.46814210331999,44.53052550026655,153.15674938910635,7.608513309307817,0.0
377,26.279956465470423,51.48173539296902,394.49257996039665,1.8772240569225207,0.0
378,69.79576654239148,35.92333693997657,223.2097582007911,0.8838494698451871,0.0
379,40.502012612536994,59.29508514349274,399.1901702591762,6.989488284873856,0.0
380,31.49906551919109,16.352387258502276,411.2111868341392,3.683472137943513,0.0
381,63.32054409502828,39.10815366517607,428.7811688306419,4.3234622640334734,0.0
382,59.59185657289362,96.94123223352875,458.31761792060365,0.31149092793391064,0.0
383,73.26096074398791,25.813343270112753,215.4926102566481,2.595764492750492,0.0
384,65.4289074092137,65.67366645412922,159.43340916056943,0.3367640387446402,0.0
385,69.19145117116668,32.51900642246949,291.09937329705696,8.791857726012477,0.0
386,40.51190149142185,77.34731256866006,185.5862117188138,2.4339668321853045,0.0
387,34.759174907884756,13.087366071834982,300.5370834001165,5.5733716957300805,0.0
388,66.28381134024721,96.98210450785447,352.7929313219123,0.3897932066113041,0.0
389,69.37591065969951,45.37895413836392,344.2025092460684,6.66847391305658,0.0
390,79.47778281003704,23.605046334646396,187.2764435100607,3.230273457540939,0.0
391,47.69397223012845,7.349674733001265,83.43010084937642,8.979191869576658,0.0
392,45.460994718603075,16.975790508754073,215.26466923110377,8.881181889340358,0.0
393,67.70271284080982,51.977394855601766,71.29707204095436,3.252906183617478,0.0
394,43.74419471391598,33.70031764312863,445.04851759190416,9.009608956904678,0.0
395,76.19165290819606,82.88833658826094,172.9387303689287,9.961576734987789,0.0
396,72.21270135136565,43.08875236618059,77.22987361166189,8.254156641239481,0.0
397,48.59467150562601,24.871427258762992,12.72387995287544,8.448713477552289,0.0
398,66.29790872853235,61.714498660403,322.91119314324214,2.4900873610908993,0.0
399,66.49985807465754,70.67772168854458,318.4511587273716,5.767023988577563,0.0
400,30.671812785976293,16.704190790094987,170.30208329064584,0.6725591396736785,0.0
401,74.64040986737616,16.761921628831765,35.855944423825505,0.9491793682166971,0.0
402,52.788880484632145,3.667142693354297,204.814447447616,9.988926120332906,0.0
403,70.45516063592578,73.64020150656405,155.6087475316968,3.2663924942591094,0.0
404,42.602728056683645,66.38045276218051,338.5603198675047,7.481839120488464,0.0
405,74.25377756729102,47.46308757498139,302.8896247263452,8.066650530268165,0.0
406,46.40609233037897,84.41704489691972,182.29686409877,8.580232710072291,0.0
407,25.59607083141641,80.56701529500532,108.94627712749505,9.976282974021565,0.0
408,74.7960087030595,58.535436439675216,494.0179830777959,2.414964852568678,0.0
409,30.020767223237346,86.82712805132586,227.00081059805743,0.40350826859699707,0.0
410,42.56225006747282,20.584121003676824,344.13711789011853,4.11191517994586,0.0
411,77.25340818779426,11.191961939772789,70.27648378918039,1.3008066982894695,0.0
412,77.28339308156558,26.974961151698963,242.7948498296989,0.22425889162055124,0.0
413,56.53908384678074,5.708685608931486,13.768359934732743,3.604268271414861,0.0
414,59.75104666933896,53.1169528001032,252.72755895522496,7.837382510752365,0.0
415,49.66450370880759,93.66056922949615,482.00870355885115,5.661806912250709,0.0
416,41.12659244339355,3.9343540668509647,192.1033564929001,3.1277798921035407,0.0
417,43.076549995345374,12.21099140100268,19.498006287455794,6.543420054927197,0.0
418,61.988515084237115,45.21990282834353,15.477895459671764,2.320181803088107,0.0
419,66.3805991190724,93.38750175279048,193.99337997343474,0.14381446072085025,0.0
420,68.53684740492167,31.61561049767505,80.01246823159703,7.643533864364274,0.0
421,68.42899785370047,50.723480868839246,11.676048164092956,6.237430848640091,0.0
422,30.01633566767797,4.15728590503921,378.10680697508843,7.6230262450096,0.0
423,52.19311675864198,14.834320096208886,229.26150444094534,0.3893801668766561,0.0
424,28.165731800915434,98.66301229588468,144.62238598632726,8.371196278306522,0.0
425,55.22408852780545,96.51186964360456,450.04159150824034,6.195262000363034,0.0
426,49.284177575535736,0.49399809344096157,58.06948010026281,5.633953507126401,0.0
427,73.82373005170649,95.18117854232389,477.9594144776596,6.246140481145316,0.0
428,44.30032569036433,63.91199378155004,156.98335868867642,8.644332468683642,0.0
429,31.438685903518323,86.79182945200222,444.20183615434064,5.86936506558907,0.0
430,32.86454251290597,45.47398556338591,301.4714382397308,5.809503798881793,0.0
431,66.88308474446097,51.55960285792502,413.35367987074375,9.906791570657658,0.0
432,59.00199348239436,48.88465802569202,492.00658160523216,7.56730167068568,0.0
433,30.561747186753465,66.68642575461044,144.20271890937286,4.422938054511353,0.0
434,29.62587433632486,13.96512547563129,480.5677427037965,7.073970000329277,0.0
435,63.553302230251596,2.9973589872677953,194.7409474512102,3.892304716917885,0.0
436,29.001965350030645,30.79299415911909,192.75595236846115,2.28875462483499,0.0
437,70.20230326096959,70.46807627366466,170.19355212725284,5.968518768877594,0.0
438,63.84332249360729,20.185345212294838,270.7038036737926,9.281820981139514,0.0
439,29.474182935304487,67.34324333249174,77.07252158924355,9.291395200154627,0.0
440,29.666074274685556,96.99120461072704,276.8557426790056,3.419052781054903,0.0
441,79.26517681756465,9.39007157894184,270.852406205002,5.276774662216949,0.0
442,45.58489376658662,67.26021182251263,380.950906302435,2.116358985698612,0.0
443,45.385318088679,44.375021930457116,416.8249809687928,9.956311094988834,0.0
444,69.70397619916264,86.81422543775054,220.22067515621202,9.811179078679357,0.0
445,77.09867175611222,17.71497894473859,151.16662467574687,6.495089297074474,0.0
446,79.23005851025789,69.26259522261645,129.66744865854724,8.044140596774733,0.0
447,66.43580018924179,83.81152896481102,97.31191835243597,7.151001612837,0.0
448,45.69427720420037,94.46142194740233,28.82379109951244,5.931582190394682,0.0
449,29.59253941842678,68.32480282896458,171.22398941735668,0.533479969888977,0.0
450,67.74308037600903,49.71747640084273,135.12384606539163,4.54764342552661,0.0
451,55.712233735469276,61.78472402012139,483.2086929332037,6.747863021674105,0.0
452,48.3322105085837,86.89049844787182,278.85441312502195,6.775316138836846,0.0
453,74.84949118021048,57.060974663882966,173.63851951525376,3.7312261842238357,0.0
454,31.115861526838323,3.038705969683686,290.233800496848,9.416919866580306,0.0
455,52.09438073599725,93.09486955069778,69.59835067284776,1.67357032236781,0.0
456,25.62445046220805,68.95267510315611,222.02187460110144,5.003594462155606,0.0
457,50.776335309676945,67.65133857772466,313.1171607105319,6.908839765508228,0.0
458,28.096680162501055,21.567515239771716,244.44891589622569,6.971358058918092,0.0
459,31.534985394743956,65.88854702326572,200.88940032716212,6.486389567688155,0.0
460,31.463943572740767,39.386440565415846,496.9241944498491,2.7528821345186016,0.0
461,60.7065666163835,65.12329770414921,440.1573810744635,1.5620656868662197,0.0
462,66.03246835959828,10.659303030799073,311.7029790797201,6.3594032682671084,0.0
463,57.08528208034378,65.7845304603036,284.6886805911414,5.993021161394378,0.0
464,77.9194901660998,99.94137257706666,310.33023991229203,1.7935601028924097,0.0
465,45.617881873803725,4.821203886055603,100.65605391121663,7.051391455705634,0.0
466,40.714164745502345,97.71741842213173,197.5688716321593,4.551719917336564,0.0
467,72.77295205042032,40.690796072287064,19.72976644544966,6.6776059160315295,0.0
468,37.2977711185699,87.07534503372591,237.77301874341333,8.373670797701507,0.0
469,77.97723966923363,78.23854840582734,271.51229197883157,1.6972842857692316,0.0
470,25.668496107939898,56.70162609866678,113.87486805160479,0.1914486799683668,0.0
471,78.34333546892015,73.84492092513266,482.0144235827569,7.791025863957868,0.0
472,27.373795157281688,87.8515561301348,454.727305468621,6.096974251526159,0.0
473,74.01287125339391,40.4140321651033,361.0716177279529,6.996395696221217,0.0
474,54.02356099974649,32.70331615632387,266.6933143826813,8.381549749886425,0.0
475,79.61306378656153,66.75933855635847,434.98457982384247,8.028109348245005,0.0
476,29.05881106044694,80.78459419412586,65.32617191173145,9.609201469288246,0.0
477,55.46198564207265,76.22851347766158,395.25489713744247,5.359350788521182,0.0
478,78.31163945905044,79.78136488586345,62.41040698342415,4.884956326599053,0.0
479,53.77038142935818,43.5583314812933,397.10533127470273,4.018871998907301,0.0
480,59.61692509743944,81.78342161750216,137.8837841256785,1.5369104284420454,0.0
481,63.26617789415394,12.020905537060845,438.54529050909446,5.726072328820225,0.0
482,49.99975856222753,54.448909796084955,472.0210469126989,2.7701252432597876,0.0
483,59.51569440462349,0.575866049812157,74.39798470255782,9.213075122129755,0.0
484,57.137287155770515,32.45858299002703,231.33780253269677,5.8319080427709755,0.0
485,74.5636905770044,36.646153487139784,490.49368908134255,5.928401805081101,0.0
486,27.499550918780184,39.61726916092554,241.7037179865733,3.5492466087701002,0.0
487,40.45297542757267,69.54672066898621,431.77376125727255,0.5198935197770749,0.0
488,77.27263162421073,38.85581012703457,294.3657610656599,0.3174376537298862,0.0
489,73.9645081140004,44.86936226225306,187.66495395980093,4.233351441531975,0.0
490,50.061121403214216,23.754413087432745,142.8917777629351,0.8456537809723785,0.0
491,59.10729287908452,37.325179162934006,101.61154554304363,6.068469555401391,0.0
492,40.25596506396229,22.726962726315147,380.8990956888486,8.809730056396575,0.0
493,35.34666378480687,7.319592376844364,193.27025341151395,8.829148165187222,0.0
494,50.50341227169902,60.34485933813779,255.6377311003756,6.590454101322324,0.0
495,44.43437254143291,66.82127985550163,246.16274000059096,2.1123183147293103,0.0
496,57.101086151797965,61.94903460096145,288.63951461656563,8.629968313588721,0.0
497,29.275405033074165,46.34940438005724,432.78857281227613,8.860934353132082,0.0
498,78.59171442163915,37.978578017922985,490.3696717917147,1.966535849529587,0.0
499,79.24159094637815,86.33336495718252,203.79210428690848,7.374260857706773,0.0
500,63.398894271085986,51.908178513621806,413.75946105315154,2.8651954892712297,0.0
501,54.485300148926626,47.9181877629731,382.26389732735885,8.026403123529297,0.0
502,42.02401889574803,2.5642065806435688,286.76447572778665,9.972378999036026,0.0
503,69.75872608388218,34.12478276261564,478.0235718059665,0.30026005329392813,0.0
504,62.66021449046336,38.019561878585705,100.23725776420139,8.973658657909318,0.0
505,33.943931663969025,39.88227808969005,54.63210515481071,6.226305335986581,0.0
506,75.10099514716134,58.017236922733225,426.98098347771105,9.733826191648213,0.0
507,70.2395483607743,53.360254672687844,219.57490831687414,4.650095175264276,0.0
508,77.23899523105582,60.79050927934446,423.4844271035302,8.473879305713737,0.0
509,64.9145729613598,76.48832615421283,446.54510259770746,0.6239406859827723,0.0
510,58.737835776468444,81.29857387160935,31.22879680953572,3.352790500782957,0.0
511,48.00336699598404,71.81230762264944,441.73238149303035,0.6701653775120997,0.0
512,76.30006658447073,95.55236959549347,224.1595276847111,9.753431334790704,0.0
513,72.63351392252247,1.823258267636163,255.2162445021161,8.169739072718368,0.0
514,27.48702685584042,19.57779856835461,313.2962555466051,8.525474212459706,0.0
515,26.45018359734886,0.756287497814212,463.1913033650434,9.379652314338943,0.0
516,45.70548517829273,64.7474714154603,9.558047214882015,0.8510348611978535,0.0
517,69.5804331930008,89.8030548949987,238.42173415890855,3.8559759251333334,0.0
518,79.30018711232194,24.34822965762993,343.86102121528035,0.7103488904400213,0.0
519,33.27292901069405,92.70345447963066,361.35347884911425,2.107931015500286,0.0
520,57.677189344367434,6.026739028956085,346.266215768554,2.293657770376724,0.0
521,45.94899711470619,93.44360268055144,67.21756470406093,4.691072110475787,0.0
522,78.34529187980317,35.16226872396344,149.69779418584062,2.685621674536426,0.0
523,71.31654077246398,10.142082844921651,179.35776270850673,1.009781068177611,0.0
524,71.10807875911257,48.58717591863256,402.2186038397525,1.674910890941077,0.0
525,50.77812378872336,25.677656772050796,139.3799362072765,1.4727556355209093,0.0
526,47.815072628571585,28.487290196192284,105.35248193360158,9.730767979122984,0.0
527,40.03738895618884,30.728996492628657,478.7240095190481,7.592925069184736,0.0
528,28.100652315800993,80.30258978326634,4.43164255673445,9.67761465269562,0.0
529,72.55973069402793,53.91612766752545,498.9104278409891,4.397404865079086,0.0
530,69.70955550215427,31.130769915600364,338.4106494286978,2.783684816626566,0.0
531,79.98447203073718,61.03337833109184,414.23464972455855,7.982931972091867,0.0
532,79.8150260390648,71.61506742231936,147.3096981730966,3.262539180411468,0.0
533,55.54874380814451,27.262400073353376,7.1576388335299885,2.9938337370534827,0.0
534,67.29430783492808,41.354910152535155,368.93475928076504,2.325059922078312,0.0
535,76.96211514353354,12.188609333694755,417.07229850033787,1.2967897822423535,0.0
536,71.73060648725763,18.11493495346803,370.2380659767596,2.5646306101676597,0.0
537,38.60414559587587,68.11178539649828,71.4251436504193,3.553197484738877,0.0
538,49.77992744205514,18.143834769562694,376.7139611284845,6.739942081457304,0.0
539,32.10376783333223,52.516338366706016,384.4613910538205,0.6256484221945158,0.0
540,77.47280649922973,70.90462617224327,329.27025783502745,2.1050693966534295,0.0
541,58.339604894798406,10.687692309474384,383.0579663977931,8.090236402916764,0.0
542,37.57535430269045,56.73122196289035,422.96071983886605,1.4692192358377076,0.0
543,61.94353764232212,25.656278370136377,306.80205711872924,3.4264514652252154,0.0
544,58.997053225184274,96.29268752375798,44.302356984839534,8.6465892185814,0.0
545,44.69894949180623,48.35456467199247,243.81390483360542,1.5492531114344266,0.0
546,31.245667570979595,80.59925497751581,38.82466733580253,0.827368356181899,0.0
547,61.93652575760398,55.022654215626176,203.77151551621543,4.845379950800108,0.0
548,53.61692354970863,4.341253285481916,203.55324456281383,3.024195112785364,0.0
549,67.47751154546016,63.31513755940223,33.00492207012079,5.634083644838541,0.0
550,53.60899256115964,95.14033422066571,174.41026698473965,8.038048904834751,0.0
551,71.8699825175197,60.16118201463312,55.499049395657416,1.3714848815274316,0.0
552,55.3548761325967,81.91888594267903,404.1176050046111,5.80699084554285,0.0
553,55.85158843444624,88.42064633484078,473.84401298223537,5.055087603898639,0.0
554,73.21594814620897,22.807977194893247,36.1582376289693,1.4407878601319957,0.0
555,47.19155764168184,21.204483990822666,477.5576036458507,6.2399848552898245,0.0
556,32.37083756478524,61.09809888509917,261.2882996683726,2.7364041786077165,0.0
557,26.583047197233643,41.10284698067047,149.78283897693694,4.878343185440125,0.0
558,66.53254906204904,83.98613028667204,38.431037638081754,0.8227232427706188,0.0
559,59.117025324440554,90.00231233980112,250.3121340352089,4.595840572136231,0.0
560,63.724387245457294,35.34213793027181,397.2577722453743,3.0646346804282034,0.0
561,36.71302888299009,23.687055897448207,353.54323863334906,8.223812111853544,0.0
562,32.50043115727234,78.05255152438619,25.11300573198688,0.5697872699736828,0.0
563,25.799956611733506,27.48060355481361,36.45091768395176,4.1860727491833,0.0
564,44.28231573436283,82.26143185136785,201.43664131631854,4.58431424131438,0.0
565,57.44547277700482,42.37382536487628,147.64524702397165,7.250060762991187,0.0
566,46.57342248048528,66.75498992914704,116.19216152802392,5.74287575090211,0.0
567,49.061120711305094,9.553531383466819,140.5022494543568,6.672123371941811,0.0
568,74.72872819715616,62.3859324676573,401.74137164844234,7.770492856517562,0.0
569,44.15405068628152,45.17676787372291,464.61402681592693,8.622029736581888,0.0
570,53.26942190378959,58.66084631754741,202.5513472637832,3.1387549672247053,0.0
571,68.10091570076287,16.801420774486342,453.05550106624855,5.38022705363903,0.0
572,46.80985302766986,73.68737449441821,160.747850623941,8.401080784391999,0.0
573,59.21476851253304,86.27970775432286,238.2184931718958,9.894511309650564,0.0
574,72.43000398107098,21.673980009077564,113.01449890799987,8.895193110437631,0.0
575,77.2236343011703,9.571455552016172,320.238021087922,3.714672626243768,0.0
576,33.08904145109709,2.3638586046336396,489.49055758740445,1.9516651721865041,0.0
577,75.96231938388219,64.1971500443266,301.7465480216893,4.893925374065887,0.0
578,52.0663961193746,60.70940360887808,178.90704205677443,7.416414518360423,0.0
579,39.20344135644271,54.669741271407005,323.9087229952642,4.925690707532976,0.0
580,50.25246659310437,23.194709611597542,61.460339232693784,4.831808633136685,0.0
581,78.90179164070125,39.09059959055147,444.3295401326993,8.382304210818006,0.0
582,52.09399516960783,59.4476335186173,251.54197538991818,3.6140377906718637,0.0
583,43.081338565812956,49.67668588591694,224.67487101982104,8.597946748116456,0.0
584,59.83704698741992,98.77855202148874,292.9323942267596,4.068048009517236,0.0
585,38.20800903280062,13.643975255673313,312.3919313947012,3.282331056783394,0.0
586,29.172483045976517,69.51445540475937,35.88790311325651,4.53989911199699,0.0
587,32.08838470508571,40.431876810429216,341.3086106117012,7.624469586748685,0.0
588,32.04252114267749,42.819961492561475,120.96584015776479,1.2600202786399428,0.0
589,33.35464814317619,71.75977656581762,356.9763162532949,1.9641921587201738,0.0
590,32.63549449571756,69.24361513243696,411.2673971920984,9.514448256630919,0.0
591,60.2481109641768,99.12559937021884,401.9792537762601,1.7549162738135737,0.0
592,35.00340464195297,12.839428945412523,276.25048370394455,5.6772731793105455,0.0
593,44.01170058281248,10.410964938416633,260.0849461553756,5.793144666619378,0.0
594,74.32336254483064,72.43388171287411,71.43798066970587,4.896244620502448,0.0
595,51.067890214457975,57.83869170064091,387.67307520156777,6.447452485768186,0.0
596,61.7156756186565,27.416066655980586,135.70469022335718,2.2982672579761845,0.0
597,34.47759291608964,7.9419368988986605,248.34771140897328,5.526622677767482,0.0
598,35.57589603447689,8.565824959643054,142.13704646375837,3.7217325524689713,0.0
599,27.247773894656337,89.41908746641182,66.91418149984656,6.61667259629189,0.0
600,34.29142846896905,19.18673247187429,314.7788484458683,1.4122354337314946,0.0
601,40.32246864675773,32.33715621155208,27.166017411451914,5.708774168394762,0.0
602,34.73557663522108,22.6656402226988,374.3226170631,1.852703553833237,0.0
603,29.878639356638057,35.49963058319373,158.79339763055833,2.786430631150364,0.0
604,31.634972910533044,6.942384274609337,0.06734650224266003,2.1870980032358323,0.0
605,50.34283224179992,51.90597909082704,255.5645696186149,1.828377798688171,0.0
606,36.348354512318586,6.76125635922149,23.425954263801565,8.25710951560667,0.0
607,45.03484235764415,80.03565078223616,138.08477891044973,2.857075676608903,0.0
608,52.68794989701713,23.3712081910433,353.4882437278581,9.271237818644494,0.0
609,62.97171557461509,54.00119146045106,31.344810810932934,9.699265253451909,0.0
610,27.162167691260443,88.00790875614582,419.6692461780012,5.712604699370973,0.0
611,68.96757193999734,65.08773690471942,1.909961329291554,1.430011226657264,0.0
612,59.534521421999926,53.29577865513353,123.41193460095113,3.7454824337958126,0.0
613,29.496746757187957,32.43337531153756,370.45202807603573,7.9773226334821405,0.0
614,73.04682432587275,33.300191305819794,158.1350748646534,3.673907286970705,0.0
615,75.64798202924973,66.94869551981901,50.94619403300676,0.8701721830278875,0.0
616,28.359287792017508,99.41393612211675,180.11695940021394,5.567849109281879,0.0
617,40.228270648096206,66.18391898493786,135.19664319226277,8.451208514960348,0.0
618,69.34107038861838,55.77834173700249,421.35595108027746,7.959263871435024,0.0
619,66.15428297110121,73.06505102392461,156.67395879257157,1.7512314013035324,0.0
620,35.14865606460075,46.52056122837182,394.4662358880036,6.727646144124667,0.0
621,36.51421278351907,6.0142342600785215,445.9360724053674,2.205042634356471,0.0
622,45.37596565352601,56.22968158779098,216.90870978826476,2.1820753455217226,0.0
623,51.648764185506174,95.76252845053801,454.971571927196,8.740717733051852,0.0
624,59.00401243416628,17.530294235765965,188.6590269815964,2.4966895274023013,0.0
625,45.29025017633748,69.00048908206658,482.0392082450541,2.632473465180112,0.0
626,50.43940938732314,20.093368865905646,44.644762262786465,0.006533907612995549,0.0
627,66.11090159735662,53.582768447308126,343.5096332516214,8.706690341255177,0.0
628,27.017576158982884,9.667644964671961,246.90702022846435,7.925948132091348,0.0
629,38.88403193892114,45.037093625818514,193.82440272782353,6.27328935090678,0.0
630,64.23422722365038,75.61633288952461,316.3559393743005,7.502657639388422,0.0
631,74.23637607279596,34.757152423898205,351.92854581716557,1.520485674244918,0.0
632,53.14225931636164,66.4911724487218,2.1816348251545437,4.583235945875755,0.0
633,54.26624168959236,79.54499607897291,83.47654437359935,3.512193873487809,0.0
634,30.894460623687685,92.71778194794527,356.52302531715935,0.9377652625701649,0.0
635,49.60768017529001,23.464208185545353,333.1927067891032,4.861304852149241,0.0
636,54.293949655026275,39.931591580930814,483.0237525643386,9.207396503426354,0.0
637,38.33587769991013,15.241601333041743,380.5188951253915,0.4005911905069448,0.0
638,39.80837770221595,99.24835021583752,475.38635386566904,2.9146091349379386,0.0
639,45.75062897075425,92.70009679242953,351.27025076740347,2.0754093620570346,0.0
640,26.103915877774952,53.99571302805596,149.02610431972158,2.381466536656963,0.0
641,42.714354107074804,84.20332943764213,52.68246112542824,9.084345518793754,0.0
642,36.62964038480995,52.09579772720422,390.9119316724678,4.6806905423429015,0.0
643,43.01235436978531,62.35856880027597,322.074610737958,4.662994129398188,0.0
644,31.586917250058818,8.912443211601662,24.093006196648115,7.605756424552823,0.0
645,73.97900044069422,75.52704204968079,180.02523295048917,1.544922040049258,0.0
646,57.64758494547267,12.771348363523483,478.39990774214306,4.872653541000508,0.0
647,62.350627552946925,82.60676302525283,250.2005728551006,4.2998521412105974,0.0
648,68.40441812340362,78.20280876703859,216.36456800985232,5.969106905466561,0.0
649,52.414320941098154,70.87446977429764,228.849802579647,9.995577032504386,0.0
650,29.780615844808302,3.6160380524762115,104.44136200258185,7.694488940820471,0.0
651,54.54085980002013,30.31283559453286,184.3535854323976,3.978657030174272,0.0
652,57.276261491148354,26.311256991084285,184.9066279935883,8.27553052274047,0.0
653,65.99917108013815,36.01364074715191,26.1775100937362,1.7070836331248018,0.0
654,48.74127504263237,8.764274676383854,383.7838142589591,0.30463686308960125,0.0
655,32.016916653756006,93.69578230310628,208.2522159519395,2.0444837246427303,0.0
656,40.607674818929844,55.38022407123763,411.08994340821164,3.4041155611425964,0.0
657,44.96952630192493,30.552431065802356,425.1740005599477,5.105807574595599,0.0
658,60.52544827323807,39.698151707428345,105.99702734932903,6.151291405411998,0.0
659,56.39280675679015,44.72025405048357,328.6767410850643,9.106057172144217,0.0
660,44.585319924381544,60.05943333606173,236.14090208149085,5.0985400955045765,0.0
661,79.25833868361389,51.567942769649775,440.0783689607425,5.012756446257294,0.0
662,58.3176150646288,91.93919732144174,107.87033958822705,0.5024300982298213,0.0
663,38.0474735454797,49.696348290583025,338.9066001550221,0.3491155265622381,0.0
664,30.598035994122206,99.21580148233127,303.87606112636126,5.511599619163721,0.0
665,33.407252655138265,85.14249577450957,147.6507387859164,4.381786132483445,0.0
666,38.527675061147946,20.85105143573358,68.30045182558631,8.391803949802986,0.0
667,33.837475529275565,93.05952146439162,325.8198802386383,1.6067958471184518,0.0
668,35.261186322821814,11.636639788547608,369.2987290661653,0.24971662117049598,0.0
669,40.68023427816159,81.74497084911916,157.813671881675,4.490387679301259,0.0
670,34.535547741211516,38.06232934765801,322.4163020111569,2.374785567522575,0.0
671,74.32209835445337,87.79743204450695,197.56545380575164,0.4961437333883745,0.0
672,29.41285601139032,86.80566901074504,356.60344164130885,7.24598286847629,0.0
673,53.848126426364004,80.59254001176211,99.60763744702655,1.1159299995724747,0.0
674,47.571825484431386,79.00304363070614,445.1075013180872,6.083195000077717,0.0
675,79.03082392997335,30.46791390980408,143.70479823278987,2.8104975016688916,0.0
676,31.16213961924288,8.091928305125219,183.89299387807645,1.7349605035502202,0.0
677,46.88205794751579,40.29801787651615,29.045976040174892,3.7975152291931744,0.0
678,78.32087383014529,17.35245149865087,55.7561061606382,8.014457762229537,0.0
679,72.60289192416892,69.49510889024617,257.9309513561641,3.9209357690457267,0.0
680,69.93896390221039,34.609972653778556,133.79633836398574,7.507696492110557,0.0
681,39.18465548747169,97.56102008599149,417.7401128710972,1.2548629679915069,0.0
682,34.39881730645362,64.0972077345332,7.346694327476921,7.727714196650791,0.0
683,61.7753770958437,82.24805636343609,189.5470243359681,2.3693332490664867,0.0
684,76.11567940201722,13.252467274184843,168.67277338454633,6.773931298888728,0.0
685,55.62195911576614,86.20144822726226,9.663815458800517,5.657815548409964,0.0
686,56.43869792084449,92.27571905133944,62.18419950025511,9.291447172116873,0.0
687,40.39885015131563,48.70619188189359,206.82133745931765,3.87322517975314,0.0
688,67.32211132555653,60.625293775097745,246.43229222372332,0.6616518883444045,0.0
689,35.287406170663786,76.48098009029954,202.14487362743455,0.19155485551252904,0.0
690,42.802358002233404,17.483862726041256,265.46883920604694,8.26858560972753,0.0
691,48.39900412390293,50.25660764634424,297.56583745284075,5.247356376614322,0.0
692,52.91857082764503,39.86630277723131,4.961910563917815,7.752440518349493,0.0
693,38.33253528282941,14.63739921622491,232.04757972675193,2.3442560001151467,0.0
694,31.316025360656194,36.753442229153144,481.7496204437942,3.450837455132337,0.0
695,58.584102334289796,6.817230938549357,259.51614006477433,0.3010387221131894,0.0
696,40.87468042821406,2.5811906949486985,338.7711337294766,9.614923245741121,0.0
697,56.968102178243676,13.516628915482276,155.9319289584416,6.678679067008134,0.0
698,33.489949340081125,96.31151115891738,386.99568907638127,9.332050877593062,0.0
699,51.462705602014964,54.952953589501696,386.46074093805754,2.6549640742907235,0.0
700,54.29241879033722,96.582216115322,260.6480238270695,6.114636112256608,0.0
701,27.85029452523348,43.2497878330132,488.0069116396068,6.784999682926378,0.0
702,43.51323530066563,31.181613308525957,62.77510738132669,3.1754970025758844,0.0
703,32.39280723164359,50.61418628402441,8.473832444790496,8.4810923501563,0.0
704,28.485623376002227,43.95116886329101,385.079105878548,9.471614629002477,0.0
705,79.447812781447,10.566468426174392,403.5777686824413,8.848551176960044,0.0
706,42.72946147360976,64.08263146902063,60.10361456028812,7.390669759393726,0.0
707,69.5430945220049,21.60381825095996,132.79141647930302,2.7746467972495403,0.0
708,39.00523601200701,61.95879548978296,8.776181683314455,2.8161604210563174,0.0
709,62.48264972231611,65.02010923981534,146.65430539028236,9.633603204460378,0.0
710,66.81253229393276,15.20248531286481,386.57093695933577,0.10284495935692028,0.0
711,57.76013073343144,6.134962711066816,258.98026385628947,7.160499732421445,0.0
712,50.93669037025871,78.07615860684398,174.04779658414404,7.062461625552622,0.0
713,47.651250278099766,45.98004237693202,185.86964745316516,6.226895409497974,0.0
714,44.18775465986474,5.816379550547579,0.6768128577340771,9.901088460868658,0.0
715,76.12410293363041,99.48663171697672,149.90026378261794,3.1187943576372525,0.0
716,70.68406742832511,5.778056099636664,323.22937081896526,3.399718637932482,0.0
717,78.0764800866582,69.50352288585532,487.09722190817854,0.7893940294655555,0.0
718,31.83634729170496,98.36789252634136,423.53041349194973,4.4279813654373745,0.0
719,65.19771113620044,23.918010421592562,11.797482322764562,2.610485262348481,0.0
720,76.60872512515708,14.224936868719617,449.28030233741964,3.433867021776442,0.0
721,34.96781863911131,12.138493942242889,391.599206649313,8.345717902556277,0.0
722,28.657294705172763,30.327514756759555,390.1880617854902,9.354845135274957,0.0
723,65.76163571095324,10.10458110106467,228.99787950178575,1.8573307200518563,0.0
724,56.59602122489515,69.2161341694132,199.0026464772514,3.7250893155346585,0.0
725,71.30058272170496,6.229179813006269,151.45786441659632,9.286305621153941,0.0
726,32.687480714445925,50.94221281497897,32.847429477182885,0.6180846068922263,0.0
727,68.73970215229396,99.66968538529768,114.11768174684956,0.9236052811137851,0.0
728,36.08950260262595,81.39702695060188,123.30181748901231,1.6279098920622936,0.0
729,34.00107685761375,61.52194382310109,242.0385348551008,5.952128341268748,0.0
730,34.03461888620461,30.625362078661166,373.722203298347,1.5047227100599747,0.0
731,69.80160961272603,62.389583629163845,236.9049141989733,9.680763814507335,0.0
732,61.58584713829101,52.70414639116516,28.922224723580303,4.467145272585204,0.0
733,53.76859836230156,42.60833838903715,478.89490049410193,5.015179603501664,0.0
734,44.73567662679264,13.071037674019948,471.36215954705614,2.466586158054065,0.0
735,73.24602974472096,88.66042152404667,392.5947715742042,4.709602524347335,0.0
736,46.58448090824494,44.97846488213225,495.6639507821103,6.619136326370115,0.0
737,69.91296917093675,19.462251182076507,272.2411664001315,7.511771369540428,0.0
738,49.15241997136201,36.77593508772896,481.38417512660305,7.53868082709913,0.0
739,45.73194361836992,41.4129752528927,37.802520308375385,5.7789111269408835,0.0
740,50.447388211828354,82.75378955668742,182.84037413068566,9.043597749938572,0.0
741,41.575783079027815,73.3614380561402,112.69063400338291,8.174078473061094,0.0
742,66.11851590969381,76.93048936413398,97.91654206713501,7.570481146986254,0.0
743,52.649621455086354,1.1031264428647214,70.40147444633804,0.5560552168046062,0.0
744,37.77169823307495,41.615399817976154,311.2068207829983,0.06877962219649314,0.0
745,74.47660153010126,48.13441516353236,390.66092787365255,2.1244727719547294,0.0
746,46.11401717552663,1.9192276823056686,289.1491997101803,6.635235939134523,0.0
747,54.89540736126938,25.98132087450342,73.48135479410483,4.111974888825458,0.0
748,74.85596610305008,76.0289823122135,405.5618849667355,4.0240625929931175,0.0
749,59.33308977526956,13.710970572899905,317.97735358186424,8.845868882296138,0.0
750,31.429392238960023,53.531013145259166,194.08285306349777,8.955628481318387,0.0
751,76.69076679874112,21.52018720172375,337.06514776803147,9.091752640535857,0.0
752,59.52394291892798,1.2120774643893273,129.95248962141642,3.138780765150273,0.0
753,43.41980880613974,24.12014575995415,172.59610424710525,6.910558127392617,0.0
754,32.6599639964863,97.58737549100537,458.7429215659951,2.7163318127436966,0.0
755,68.67138540986628,80.15371118829896,145.25225283571018,1.9060983307444979,0.0
756,59.10400157606824,95.95766443210334,234.9941340789683,1.8463245734736922,0.0
757,54.340360058697684,48.785404392636245,445.0705686980073,3.4210762086359403,0.0
758,74.16409206780267,10.973619867750351,353.8606751337637,4.299576197798217,0.0
759,68.37284661734918,54.79594889736929,31.101613082351378,8.309491710550684,0.0
760,33.34211838530132,45.43773345599609,73.65152213948517,1.198910934727121,0.0
761,42.14471372875515,84.4357082739616,3.920795385958409,7.349258473948942,0.0
762,38.66690268979562,9.808258078424458,315.4608951145817,5.314549141893053,0.0
763,65.91704609149724,48.82411370217782,223.83671270520915,2.879453426759925,0.0
764,26.844283910467865,15.004866469398426,67.13742545113777,4.928195845328246,0.0
765,56.34393266792241,32.467592689006,478.9670605283852,2.9994206977702262,0.0
766,66.93522771573798,73.73570773877996,264.82986197280997,5.96081955238306,0.0
767,73.22211002189621,47.601812936876655,120.94664705644459,4.338439228552442,0.0
768,43.81449617937491,37.58882851457693,250.30178557735377,1.6440552907887873,0.0
769,70.1691517569607,39.44762785700353,339.8101663675539,1.1658307455569672,0.0
770,31.084745532536395,45.94467684059866,38.11960898678224,5.466956820721301,0.0
771,71.5548760453985,78.50165438370568,137.35190752394598,9.024130332861034,0.0
772,32.01187642825903,89.20846889402344,403.4827454419968,3.4395768655768553,0.0
773,46.850800980820196,95.53346865039283,229.8324352013306,7.330001072226232,0.0
774,68.85124511787545,78.6903386255295,273.28857101614744,6.586613549397669,0.0
775,33.24545850418256,31.540689574801274,216.40800110473464,9.31554914309481,0.0
776,37.60882673779528,68.81347060865421,21.94997132150256,8.209810172991409,0.0
777,64.72389126161865,43.760312405539196,82.87488991007797,5.66605258905463,0.0
778,64.6020095100341,25.467062204605117,222.77081937094545,6.570304982341073,0.0
779,60.26311980869135,84.08715794259226,104.5927327039639,8.983864665840349,0.0
780,63.1671644456905,3.8426348962324997,24.98951432983937,3.995187845869348,0.0
781,54.84984438411779,90.17619921354235,421.82483202591186,3.2679470585777737,0.0
782,38.848948239882404,46.147746462473414,490.5962645820579,0.10811083635196339,0.0
783,44.013279642715574,63.72014768082804,396.57143699836973,8.265510741914643,0.0
784,34.98787442407841,65.93539222057827,426.8924608523335,8.009807004033648,0.0
785,74.96478087334955,89.51177407065364,120.98856515852269,1.0445451810015138,0.0
786,57.086548712136626,63.66696821672073,480.3134877565999,5.768573811327002,0.0
787,47.04682792200019,61.39335847600618,98.46285222671419,4.639816981668874,0.0
788,50.410319200427296,6.665204056068996,475.71490518091616,1.1870909550911146,0.0
789,77.10058367864984,51.84080219452041,497.4096469829755,9.805682270607235,0.0
790,33.43432717138441,15.016900081704165,355.86140287302436,2.1469588746335546,0.0
791,57.24264076092385,73.74337687214856,490.57186589591095,0.6723418009056115,0.0
792,52.82387733864563,51.22219208126745,284.76988978355183,5.948473795019096,0.0
793,58.62998294890563,68.02277792083532,129.77089158804517,7.3886667713303265,0.0
794,25.996060110146228,4.167290060238427,218.49794283281042,0.32443446047186963,0.0
795,72.96681499192833,8.479201604580322,296.780467689393,6.587176387270222,0.0
796,76.26650553659869,71.63233880626822,36.5407810135075,5.322918759514544,0.0
797,56.082325097406496,7.208433599867337,311.17163230862303,1.0326500887504841,0.0
798,63.315795313229074,7.12567277652586,490.58891838114727,1.7252387694636206,0.0
799,75.73746596475127,1.210847523488745,95.05382489186381,5.679742973160805,0.0
800,63.898124887236925,95.65013982994802,396.29755814419167,2.9635761351328838,1.0
801,33.38964736028437,73.75083594590069,453.9493968898097,9.38315728651316,1.0
802,56.69585980917472,35.32514085020642,471.85079641011043,8.187402294840508,1.0
803,58.369327551057076,29.65355812876552,480.0678022027236,9.835672065136631,1.0
804,48.32718692163123,34.97032297458495,260.729819360736,2.5967083895041396,1.0
805,65.50443295935975,77.46535311811819,488.65395399575186,9.69723632797977,1.0
806,76.39018581229581,66.13706110704143,378.65510356721944,4.312338697915578,1.0
807,75.9062682098727,18.519556786746794,80.83571811848095,3.4751879531375462,1.0
808,49.796165427227265,17.410933533408436,238.450053233985,0.5034952696935324,1.0
809,31.22809252124154,9.839564971339732,359.16558768600197,0.5276525785960262,1.0
810,79.1662659429284,66.03027197013381,123.67015790954167,6.920112559466547,1.0
811,71.13939475452638,76.43726622217359,320.30759177444367,4.579289944340279,1.0
812,31.856447466179677,26.5046428325004,333.30023952330964,2.265216260361057,1.0
813,75.64630354395547,2.094496103091281,81.34987190428295,6.139703063252327,1.0
814,72.84429991341705,8.217166747642734,282.54265622637814,2.528581182501112,1.0
815,53.53609314193397,96.78600348450304,385.81345548930386,5.776317543444226,1.0
816,57.52014896597111,29.544477747742025,249.44783226797097,3.5920874698269034,1.0
817,46.94514871285716,76.92231478381336,6.051558388053713,8.23552226611819,1.0
818,28.011890135211722,62.46635688542638,4.519234539646089,8.206961607667793,1.0
819,43.43584829052455,38.19396396528959,178.5146719850061,4.773503981224013,1.0
820,69.15693967289063,20.56872621955551,463.097034215891,3.508191093350156,1.0
821,25.25476126525316,12.138641815940643,114.33838980180438,3.6255979655909454,1.0
822,43.342454443012926,61.50129680388666,317.1818444358436,8.05714525668218,1.0
823,46.89927814750188,77.4633780637788,111.03793534666029,3.28179482797612,1.0
824,54.55675816158576,64.39042535411306,160.8349948297743,2.09059373706846,1.0
825,75.59205890270184,53.030213324915835,424.021044800742,0.8468834187530683,1.0
826,44.04902969012787,4.195122343163627,364.43072113497345,4.666931208844084,1.0
827,44.08242610429252,96.84887775943838,47.699638656605316,4.821320989198419,1.0
828,65.56256864603617,79.87141916545745,214.35101049321682,8.409087104029071,1.0
829,49.87198674893939,29.282203670096475,14.584881822632234,2.2123869644606398,1.0
830,37.35326526169901,97.99703293588506,240.4450733015045,3.809912736683999,1.0
831,49.884173387298134,60.18815896363221,331.21700585053406,8.084057388936909,1.0
832,32.747136120888996,58.24226582072465,59.25131179907578,8.236236107489734,1.0
833,34.70128425784228,74.8073179429532,144.44246945458283,3.846110759787682,1.0
834,52.41022750067138,81.17697880901376,198.91831275107847,4.591240232866809,1.0
835,48.04089972275014,65.64786073315027,459.7655123280249,3.0328589084928295,1.0
836,75.3165245587455,12.809574636620003,496.627507711482,9.32554878419312,1.0
837,44.93166445141482,33.82675059944984,22.45564949780793,1.186437657415803,1.0
838,56.93235926529239,92.80836403260497,380.503961747696,9.3374942300147,1.0
839,59.77453583557417,22.461561184385193,185.8620332011716,6.838664518353433,1.0
840,25.72019511235835,37.21670238375133,196.22909311474,5.315721526867312,1.0
841,61.49455546091908,43.2076882944196,377.1324866735113,0.32659060784495875,1.0
842,34.79197817783633,43.940498969445215,459.2132160727043,4.755961918220083,1.0
843,77.85886746082004,61.29395824945255,475.4642972512742,4.077481050027323,1.0
844,33.176450026421215,94.30758377447076,288.5612930191604,1.6121881197512256,1.0
845,47.8043268049863,24.069271183250496,178.5605796502514,6.564096035006569,1.0
846,29.694231744325414,12.150137630091805,393.7745429293896,9.711509073682858,1.0
847,79.82808385152711,19.747048985993732,125.50069163115013,5.621888110645251,1.0
848,52.62072556821835,88.69249002092695,282.0370144167589,7.147532764439458,1.0
849,57.74617595260241,64.5810812655206,179.28923076243657,0.6845045256601678,1.0
850,28.689206256363512,28.590678923916013,328.31553685393806,4.176669958169947,1.0
851,66.24782587195477,81.59469389686173,120.19945644675344,1.1635848516449587,1.0
852,36.54480762025722,86.1369996363436,95.79647286741289,6.127958355365104,1.0
853,74.39298591923927,84.6514338690278,459.11954333771854,9.384821582141546,1.0
854,36.282680226510394,91.89265336395545,50.90184147476845,6.617777324716386,1.0
855,35.487824636501664,25.224102017336158,252.97895386746583,0.7680304831442153,1.0
856,27.01023173164522,75.50419287462783,110.42639148150445,3.5466620498508283,1.0
857,50.96368198104996,46.053949727414,19.464981662833726,5.506633794408515,1.0
858,56.0662623294439,84.19985528900615,18.009409145713196,4.032077561332522,1.0
859,28.61397516855938,72.84906771616131,87.61088605291367,8.336440104751723,1.0
860,67.65401891822557,77.64474464997247,433.3851772530001,8.146710047099893,1.0
861,49.930885911141516,65.61618376810715,141.23937198851334,6.118310201032214,1.0
862,53.8414648130169,17.742876946970686,475.22958528764786,3.7345794513270523,1.0
863,49.24195108160255,54.502691889693835,290.81114649459676,2.5533637376324414,1.0
864,47.04196834814293,98.46697395245081,218.30709488438305,1.0587431821312931,1.0
865,55.78021822195198,93.73880664971189,290.0444173347273,3.5489768348655404,1.0
866,33.53821352618919,4.317373579701167,258.3491926131339,4.1317251720771955,1.0
867,35.006047177239914,16.481481572943714,379.3881268786626,6.758229251040736,1.0
868,72.39820915574344,13.172877345456191,141.24803298642613,6.581598242975735,1.0
869,77.03635041734981,72.59799099852955,176.52519580015118,0.7010813964125695,1.0
870,45.53201239538642,81.77853298569451,447.04715126662535,3.952593154311578,1.0
871,39.890957022895456,21.35113663106719,473.22825657520275,1.8177886721736192,1.0
872,60.419974878145865,50.5852692951829,446.27911374323725,1.568127053168057,1.0
873,47.4803794103953,84.07030280112,209.7239969786568,8.27302149737246,1.0
874,26.396249561318967,73.28015447662506,390.18275150344084,0.4191521671625753,1.0
875,33.58839285514047,54.223720549184826,238.1678666505494,4.191828759021213,1.0
876,64.37847258660686,59.03476904587729,248.7699260730511,1.682036557665182,1.0
877,61.24081680505832,50.83605469162799,102.34005452864197,8.79330215678474,1.0
878,26.490279587691592,29.754845131882057,295.56515162925825,5.570405132750351,1.0
879,37.20846890631222,56.50219928590161,93.06794887667397,2.3138063637684803,1.0
880,37.70911381234393,68.88853020500906,165.78234953359689,5.024272871663764,1.0
881,61.95410089793006,87.33229158608077,427.5151008099676,7.314863597031158,1.0
882,26.08407957649003,63.629135397924806,103.53790460542761,9.581180089194337,1.0
883,30.725972009151562,76.1121537043158,35.57914258671641,2.2044600424541896,1.0
884,68.99538469552542,16.0071634954573,34.503796306408155,8.861817721293452,1.0
885,34.81995641298835,46.15574744197899,470.392260251554,9.343041141674902,1.0
886,60.90103593185311,0.9331619827093296,253.46021898091732,9.164205445320663,1.0
887,38.10005295756996,24.667886452162303,204.70603590850916,6.354143568619098,1.0
888,30.469276601763983,72.64617151130048,405.4392905039592,6.298206544347077,1.0
889,38.37447050496998,99.18099513493634,417.912963955258,4.032106331838228,1.0
890,64.72468125206126,9.917809958721591,166.0955165578023,7.523978823037879,1.0
891,72.06330574584572,40.14943158612883,346.80902873689763,5.312940183509319,1.0
892,70.66209255118454,80.00709686991596,385.5614079259433,6.7743807122829445,1.0
893,46.84509412901502,20.403563462889885,327.32534343297726,4.284579038487955,1.0
894,61.74468251138554,55.50849493022862,75.79753740004969,7.31496464043139,1.0
895,36.27413624787015,73.30712960296748,437.9415417585285,8.24471517604549,1.0
896,41.12312516435573,61.5985450260179,269.54727636800436,1.4643625660281612,1.0
897,74.29847001866159,18.802473461541613,141.23621318500184,8.32929715574228,1.0
898,25.715105793090483,35.538456868573945,212.61409271884696,5.402965317903073,1.0
899,29.702969196995745,78.37917844853972,18.78554519945369,8.446659090902243,1.0
900,36.4337440330315,55.42265141320166,63.93340061120878,4.313017063410146,1.0
901,26.459271213060084,0.5229613542912737,382.7733752579304,3.79040485383035,1.0
902,34.97894892993885,76.09907600280938,0.005817377683070557,9.150607325172224,1.0
903,57.06728585333307,3.531135494023907,208.2829142411461,2.5116926754840128,1.0
904,48.17835028258739,74.57337827312321,261.2550905427942,8.442123252861432,1.0
905,74.09694410923362,20.24805601652374,27.31721000048615,4.840205725094041,1.0
906,69.95939589561425,95.80734801193802,486.5390814861664,5.140954425512597,1.0
907,43.79995434338318,36.79407513020845,113.06266562483597,3.0846828148948404,1.0
908,39.26828883872109,32.69316163380791,152.09935981814044,5.730422006190157,1.0
909,45.88308244919968,14.888805033244468,151.97125612751367,3.252111962762113,1.0
910,57.466221838314425,30.560421549021488,115.20833105867496,0.3926941424165231,1.0
911,39.74350024525819,87.66507618282006,0.736911043155708,2.7199860534435603,1.0
912,59.32818993170237,99.63343376272474,364.67239704399816,0.06379043406590679,1.0
913,47.51764087051822,36.83095305068483,483.42274989964267,9.783547870568567,1.0
914,55.36259494685891,44.861063095454256,112.14674164252253,9.657472098197475,1.0
915,48.98695910244242,72.2070938202737,331.5235959017112,3.9515529747230502,1.0
916,41.19561677480547,88.61957804650746,370.94816347935756,7.28370854339646,1.0
917,77.16493188291861,59.304433418678414,424.2126895452624,3.45806098410425,1.0
918,66.99831867878684,39.15256981778293,211.31459850680457,6.710931570859761,1.0
919,32.70622466715489,41.262184084862376,151.4654528202146,8.05430043045979,1.0
920,72.7657386743852,69.56181464968068,162.64756701151555,9.467562446922408,1.0
921,51.808715903723254,0.32182636042786816,356.31066654925644,4.00212275849672,1.0
922,74.20037247917503,61.95893374598407,408.389733252818,7.832979829560477,1.0
923,68.99203907710233,35.54930104413574,90.80698387830132,2.659284506321188,1.0
924,48.38674274580784,79.41973312770843,185.4705040788826,9.903323037936483,1.0
925,26.235811957606458,9.299063982313216,450.970098374575,0.2576959876435114,1.0
926,39.777254766172035,58.82022669483905,403.34675984736964,6.035288065011209,1.0
927,54.78988180634768,48.09728898861238,492.42920138123793,6.595059816513271,1.0
928,59.8413020904381,64.23255259052274,377.12412984104037,6.880455570741288,1.0
929,39.18382269882613,6.485359448296835,196.59760051396114,1.2038757878908901,1.0
930,32.664584074005326,57.99837874281313,295.31891699731887,9.385297834731304,1.0
931,70.92116302396145,56.14845879595237,330.50712712366015,1.811832790500828,1.0
932,79.14211993869537,56.06600944161709,39.22790815856197,6.2275340323984105,1.0
933,53.912960026647724,60.34876665964548,272.2484795519325,2.2267607912308494,1.0
934,34.44236072165669,67.64679372263622,354.6604142363048,3.0721641702127087,1.0
935,39.97690295856529,80.49889996807697,83.66065200053019,5.464585417281244,1.0
936,26.01148721011067,26.982072012821433,390.31585871277855,4.171934185645765,1.0
937,75.28643436082744,82.5049410180062,291.88639025705584,1.6022560097650629,1.0
938,31.476309558957762,49.82556822634536,476.11089284879733,1.7093640242084829,1.0
939,56.708406153283946,7.705827913433117,21.211149103445848,4.181447881627997,1.0
940,40.073037137796334,5.85509292439792,132.66306877773349,7.572829782755007,1.0
941,55.47979013836864,33.42383186960608,300.77693964991204,8.979646468477885,1.0
942,60.82812135935253,78.48969771114676,148.27995610296534,0.8412766225938284,1.0
943,70.63579920389608,70.76809347409157,357.2120820356211,3.9310390755940103,1.0
944,36.35316994683318,78.86149646724064,379.5026412609655,1.0024556372287663,1.0
945,25.604770576216428,51.72690564416094,51.25798203323723,0.16592480632597884,1.0
946,32.528709653784404,44.01989979554906,256.92723210338386,6.617186826439566,1.0
947,74.50102530164578,14.745252670628394,254.44527779552794,6.024494419665878,1.0
948,73.06395426593834,32.81927536093116,184.64038510777053,1.630191138148862,1.0
949,57.85772061936696,43.40193661738753,466.46243128483604,2.3381283309306413,1.0
950,58.028427323850934,8.860042967961723,413.7531599366106,0.2370775364451838,1.0
951,61.57701710004405,22.061195271121125,348.6046909548184,8.349472056944037,1.0
952,34.64542032428973,59.82252940637388,357.1633178674988,9.746905960485515,1.0
953,75.29265702587278,73.56631142391899,230.85807190655956,1.354595367946908,1.0
954,48.03237886906402,99.83475113929497,460.49726054828795,2.314752137652981,1.0
955,46.07261905372236,93.31133313435576,347.2977136266427,8.68409523946934,1.0
956,53.540473790556064,64.25651995351916,364.49053082790823,9.264637979561849,1.0
957,27.58312817262803,42.1248053294072,430.84545189367265,4.196273828068104,1.0
958,34.14558528158437,63.617736470823274,137.0357946710955,0.5062247226907413,1.0
959,65.59184890345037,78.56516180802319,403.5354519333515,0.393918336928194,1.0
960,29.553926735881955,11.833619092338733,97.62030147824602,5.739498660690105,1.0
961,58.17336602065135,40.99048896962883,172.67097612244393,3.9289510889317905,1.0
962,38.49420103247265,83.98022856356172,167.80522713492135,0.28652427577654516,1.0
963,46.41125877230871,38.3832951933044,489.26273419457027,5.832523923125567,1.0
964,40.8781555223885,57.18722712271865,428.26861187396344,0.11302536589022472,1.0
965,44.5619994055722,58.77693608621982,350.5849307951299,7.87371958149273,1.0
966,64.5475247851335,18.447625313363936,363.52838080769504,3.064328227033716,1.0
967,41.341694359274626,36.22354416522884,281.0363972012855,0.402580030092321,1.0
968,56.152255216329344,33.451128874193216,473.5453335542595,5.883522209831533,1.0
969,51.18277212095048,2.6196708532064794,248.12937644118077,3.976844144330547,1.0
970,61.50191409494565,2.4191763891355245,190.25885493494727,9.738004133571495,1.0
971,76.52563566286169,83.16970436757735,81.5176684657955,5.441986625037022,1.0
972,65.29146534656377,27.30708099728124,393.10282613052897,2.752391810370083,1.0
973,36.82172082249162,51.80787662388154,367.2219660377957,7.094388646339747,1.0
974,26.715072428370657,29.872557358877305,192.17751926206745,2.714920025427113,1.0
975,39.42452243649038,94.06792451153404,12.59670697961468,9.04243291407565,1.0
976,57.72928618851402,25.929675886577375,419.4986638590054,3.747219705073764,1.0
977,27.82841974163377,42.96568127389351,5.708991727036816,5.498685627762052,1.0
978,52.300143596068,87.27302504846018,351.84988981452545,0.5057310382422886,1.0
979,57.82635669042891,84.19335667918087,485.1285548630285,4.261212379522307,1.0
980,43.383413994932845,18.610141784627732,218.83066407410172,8.32363539660995,1.0
981,67.4001712060202,80.26433097957104,117.48670249797638,8.05648805363342,1.0
982,30.86290392235745,45.81868867378927,352.43550502169086,2.2431855885352627,1.0
983,29.132577995469482,48.29688720853552,408.56407100779256,2.260790710105627,1.0
984,65.05038159119817,13.347997241594378,273.2151580389237,8.173053122132368,1.0
985,52.252022391340915,8.060151375712465,483.5176376280731,9.303984201693256,1.0
986,62.86213180352548,72.79393069737652,25.83436082898055,0.9536092127300355,1.0
987,48.91550362320604,49.646115235529976,252.39779915226407,4.500586394262252,1.0
988,38.55211182815087,43.68507026151796,359.22697366127505,3.3745427896422897,1.0
989,70.05062747208098,72.95082286523967,431.3202355745895,8.706884554574394,1.0
990,68.96787334329386,76.55128989911097,89.62780595389502,0.8352491468001877,1.0
991,63.20830589699347,15.890816766935355,400.0017408818407,2.111259425580374,1.0
992,39.96798254764795,61.02251494776413,276.35353785927265,7.524683375864943,1.0
993,57.46268667779979,13.535408227768553,198.2768409949816,0.5129384898121558,1.0
994,44.85356433170148,75.13750860290457,65.85751428954678,4.925353807142892,1.0
995,30.037014032964876,65.69551562671396,432.6478794544562,4.4210703467972,1.0
996,75.45224665042335,95.6614621083458,78.63660408985767,3.3440117898874866,1.0
997,32.52502470054288,6.895801635642118,154.8939296045496,3.945723153189238,1.0
998,77.26305446014413,5.705472115125431,145.02276598121844,5.29940586930233,1.0
999,49.53031751268757,28.218707469320016,435.70701709542715,1.6136735838838312,1.0
