,Temperatura [°C],Pressão [atm],Tempo de reação [min],Concentração reagente NH3 [mol/L],Concentração reagente HCL [mol/L],pH [-],Agitação [rpm],Tempo de reação secundária [min],Concentração final NH4CL [mol/L]
0,148.3804,3.4737,24.4107,0.5449,0.4237,9.1248,198.8756,23.4518,2.4489
1,87.6826,2.4574,32.2091,0.9256,0.071,6.7798,135.924,33.3785,2.2323
2,181.3468,4.773,41.9314,0.7805,0.1183,4.1397,93.0442,16.0882,2.568
3,185.8847,1.896,26.7039,0.5684,0.0188,6.4888,130.0815,45.192,2.4547
4,145.5968,4.1834,17.4236,0.0602,0.6668,3.5569,98.616,12.1668,1.7893
5,198.2648,4.4353,13.3145,0.102,0.2089,3.484,93.9702,11.09,1.7576
6,132.8891,1.4444,47.7847,0.1382,0.1966,4.8951,147.0686,34.3958,1.3938
7,179.698,2.5867,14.382,0.6048,0.7393,10.4049,189.5136,31.8114,1.6938
8,95.8013,5.1101,25.8064,0.6925,0.5666,6.6015,87.7782,49.794,1.865
9,193.1287,3.5214,93.0422,0.7163,0.2894,1.349,106.8026,43.4066,1.0932
10,104.9998,3.603,55.6043,0.9622,0.2488,12.0766,78.2011,32.053,2.8507
11,65.3796,4.9417,20.0006,0.2974,0.8138,2.7815,67.4101,46.134,2.5534
12,73.9954,4.9226,90.7431,0.644,0.4239,11.3462,108.0373,12.3517,2.1009
13,145.6358,1.8408,26.8465,0.2983,0.57,7.7166,188.1895,32.2136,2.3267
14,164.4743,3.4984,54.9872,0.8919,0.8062,8.5532,121.5884,27.0128,2.981
15,58.3584,2.6939,86.0207,0.6156,0.1238,9.328,118.4512,12.3455,2.0495
16,121.1243,4.2286,99.6427,0.8664,0.9755,6.281,192.8608,16.0101,2.2818
17,168.1521,4.8313,21.5842,0.0185,0.7937,5.2339,195.0474,11.5898,1.4223
18,129.2123,1.8089,73.4313,0.2379,0.9342,1.9922,127.9192,31.5276,2.0308
19,113.2288,3.7926,17.1221,0.9444,0.7396,12.0552,153.8959,11.9789,1.4775
20,76.8532,4.2632,62.639,0.1796,0.0247,11.529,145.4664,28.089,1.9459
21,68.0363,2.8757,80.0616,0.2633,0.0207,6.8338,105.6377,35.5567,2.9212
22,100.586,4.3812,40.6502,0.798,0.1856,7.5315,181.0808,48.4178,2.8939
23,92.9963,2.7728,65.1321,0.0257,0.2075,5.1231,128.5626,12.5889,1.7701
24,106.0231,5.0655,39.6363,0.1321,0.7169,3.4609,148.8376,28.4559,1.8774
25,61.783,3.8599,38.7224,0.7487,0.9037,2.0027,114.5605,44.3514,1.7849
26,84.1437,4.3999,39.9373,0.9295,0.6699,12.1187,56.4711,50.1779,1.7584
27,128.275,5.5953,68.7119,0.9616,0.2317,2.1793,101.4203,13.9694,3.4911
28,199.035,4.8138,66.2309,0.0132,0.3472,6.7834,95.1948,13.9543,1.961
29,112.733,3.8372,92.9748,0.1898,0.5113,8.7117,69.3558,48.5508,2.0202
30,112.8704,4.5895,84.0788,0.0811,0.4072,11.2295,71.1778,49.426,1.4071
31,93.3889,1.664,62.3532,0.0896,0.672,9.0252,184.8336,18.2269,2.1443
32,133.9285,2.2202,65.5023,0.3016,0.2621,5.7407,150.6444,13.5975,1.5715
33,179.1616,3.6184,59.7863,0.697,0.7787,2.2955,115.9839,20.1877,1.595
34,150.7787,2.8927,71.4501,0.0446,0.7998,1.6788,172.6541,28.2068,1.9666
35,200.4481,1.6864,48.6335,0.51,0.5362,10.0892,98.8638,39.3871,2.2314
36,191.9786,3.1953,97.3938,0.4569,0.882,11.8221,95.4662,38.3453,2.2533
37,177.2034,4.1873,11.8684,0.6361,0.24,9.9039,181.7115,37.6403,2.4448
38,57.1206,1.6732,24.7417,0.5758,0.8208,6.8411,121.7065,47.8554,2.9397
39,163.278,3.9561,27.0671,0.849,0.0333,5.6919,66.3167,11.8123,1.6102
40,142.7838,3.3914,23.38,0.9453,0.8695,3.5157,52.1372,34.4246,1.5029
41,161.8878,5.1706,63.2859,0.2519,0.2212,7.2212,160.9078,16.2762,0.7444
42,197.5924,3.1495,12.0827,0.163,0.6388,6.2039,150.4119,42.4111,2.4567
43,83.3126,5.5383,19.424,0.6659,0.5173,8.9545,167.9322,44.6131,1.6891
44,104.5677,5.2396,22.4901,0.046,0.2326,10.4725,51.5564,36.1068,2.8242
45,133.1849,2.8352,82.7963,0.1059,0.951,2.209,93.311,13.9199,1.8821
46,100.6854,4.9673,86.2079,0.7488,0.2378,3.9029,150.7201,16.2577,1.1837
47,180.1961,3.1853,70.1154,0.8673,0.9402,2.9328,153.4872,30.3195,2.6965
48,131.4515,3.062,45.4663,0.4175,0.1313,4.1275,124.2298,47.8205,1.9484
49,51.0628,3.3277,77.6739,0.4067,0.5521,3.4518,64.2324,18.0271,1.7918
50,186.9608,2.0259,87.0602,0.7506,0.3335,2.5794,113.74,45.9132,2.2536
51,128.4334,3.392,44.2232,0.6805,0.6224,2.3534,134.5442,49.7926,2.1609
52,153.4489,1.491,70.7051,0.7103,0.0079,2.8169,198.8362,11.6501,1.7145
53,126.3325,5.2194,73.0506,0.2791,0.2097,6.4608,115.1292,16.1953,1.8813
54,142.1193,3.3338,44.7851,0.5887,0.9628,4.1618,149.1156,20.8915,1.2611
55,197.9401,4.4324,13.6453,0.52,0.694,10.7034,177.5846,18.4214,1.9135
56,116.8883,2.3636,54.4129,0.8718,0.5027,2.4267,116.5239,39.0286,3.2879
57,155.615,2.1845,44.6179,0.3891,0.9521,5.4189,73.4072,33.4627,2.3864
58,179.0746,4.0771,92.3937,0.0765,0.6965,6.8119,168.5394,17.0573,1.5741
59,66.4161,4.9864,17.2827,0.5289,0.3044,10.7728,191.5389,29.8111,3.3954
60,137.3757,2.6417,99.3456,0.0632,0.6072,11.7501,152.5252,29.1454,1.6978
61,119.2424,4.283,73.0656,0.1334,0.0968,11.5727,142.0184,12.5941,2.5293
62,199.1781,2.1445,92.7945,0.8131,0.9762,11.2454,182.7656,39.8741,2.3754
63,190.6087,1.536,29.6656,0.522,0.7731,9.315,188.7971,15.1574,1.9044
64,78.7787,2.2947,70.3769,0.3998,0.3803,4.9809,91.7207,16.8496,1.9979
65,65.1385,2.7105,27.4802,0.169,0.8596,3.931,174.2609,27.5925,1.8392
66,118.4695,3.9431,78.4498,0.2713,0.4038,10.8285,82.9467,35.8693,2.2173
67,53.2719,2.6313,13.2224,0.07,0.8224,7.9171,84.5437,40.6734,2.3542
68,124.9499,2.5232,47.8423,0.7373,0.1098,4.9147,109.8447,50.5227,1.7241
69,161.6336,3.0406,37.6592,0.4042,0.5242,8.9912,85.6566,29.531,2.1485
70,182.8632,1.39,79.6985,0.0853,0.2214,10.6841,168.6397,49.484,1.2288
71,194.6478,4.8868,93.3678,0.4564,0.1534,5.8648,135.4377,34.1137,1.8625
72,188.2827,4.2022,12.1021,0.8957,0.3926,12.7911,195.9425,37.99,2.7684
73,187.5928,1.8486,85.923,0.2609,0.496,7.7915,102.9794,24.7282,1.7756
74,100.2778,5.881,23.8745,0.1786,0.6129,10.9002,163.9434,23.7557,1.5442
75,108.2884,2.7019,70.2855,0.5208,0.2672,7.2418,182.635,34.7395,1.98
76,172.9909,2.3887,69.4712,0.3361,0.8807,5.6977,145.1023,44.2739,3.4003
77,120.7476,4.7148,70.9542,0.166,0.9228,3.0796,152.3252,46.163,2.1233
78,72.7233,4.4218,73.2001,0.818,0.1024,5.2709,112.2629,33.9855,1.0037
79,118.7085,3.2197,93.5554,0.1175,0.9759,7.8864,122.8542,24.4711,2.3475
80,105.5279,5.152,38.4863,0.3774,0.8094,10.5731,137.9824,22.3621,2.3029
81,63.1558,3.4748,49.6282,0.8744,0.1124,2.3688,82.5357,12.5875,1.5045
82,103.0496,1.1063,65.4759,0.0636,0.2083,8.8868,58.6034,49.0436,2.1075
83,194.4888,4.003,55.5468,0.6375,0.8119,10.0832,62.2589,30.5679,2.3116
84,189.3892,2.2276,49.278,0.8173,0.4731,8.8552,192.2361,30.454,2.3055
85,196.2598,3.0305,90.5174,0.6942,0.9195,9.3854,139.6315,32.8382,1.9378
86,136.6895,5.6424,82.5735,0.3396,0.6002,10.7561,50.9523,17.2496,2.7391
87,66.7832,3.6732,56.3646,0.3263,0.3165,11.1209,68.2901,17.3428,2.4394
88,84.7758,4.3452,39.0376,0.7792,0.7956,2.1491,169.3793,13.1215,2.6334
89,78.3961,3.6207,76.6276,0.5678,0.6212,8.3331,99.786,28.3516,2.2167
90,79.1089,3.7101,86.4978,0.0594,0.876,3.4594,157.9482,21.4473,2.0971
91,184.1513,4.1238,38.6975,0.0965,0.8635,3.9506,159.284,48.1223,2.3337
92,81.26,5.3025,93.7102,0.9012,0.5546,2.3737,158.9573,14.2529,2.226
93,107.748,3.8824,48.4451,0.0997,0.4756,2.27,53.736,13.7484,2.6565
94,64.1004,1.3399,38.9715,0.7057,0.3952,1.8423,90.6823,12.5542,1.9011
95,55.6939,3.4018,65.4133,0.2908,0.1798,5.6544,95.105,46.9499,2.0367
96,192.3977,4.7173,22.8084,0.459,0.3223,2.1202,66.7517,17.7323,1.8266
97,165.0971,1.31,92.9508,0.5063,0.9998,10.2221,117.3591,20.703,2.1533
98,116.1558,5.3251,81.9439,0.5592,0.9223,11.4486,188.3006,21.7839,3.0112
99,75.3347,4.0131,21.1182,0.5069,0.7369,4.4081,64.453,50.6948,1.5657
100,,,,,,,,,
101,115.7068,2.853,89.1796,0.4567,0.021,5.722,118.2331,32.6602,2.0618
102,131.9189,1.7368,67.221,0.9485,0.7783,6.7405,111.3899,11.0473,2.1343
103,61.785,1.3502,95.0374,0.9649,0.7194,11.9269,152.3947,39.6052,1.9004
104,92.0733,3.5178,80.2431,0.7275,0.0243,4.2551,80.4632,29.0307,2.4527
105,89.6157,1.9213,72.544,0.2561,0.8237,2.7079,110.0044,24.0666,1.5258
106,71.5585,2.1345,89.2495,0.0114,0.5112,1.3296,172.4828,17.3341,1.3577
107,184.1283,5.7273,36.8928,0.1859,0.6915,1.5655,142.6354,29.8186,1.4133
108,79.4708,4.3863,36.7643,0.9673,0.8611,10.8487,120.3375,12.4165,1.9905
109,54.9746,1.2934,18.0777,0.885,0.1003,5.1948,135.1757,46.5474,2.1799
110,198.1749,3.1144,79.4699,0.8281,0.9851,7.1136,130.3852,39.408,1.9512
111,191.1388,2.1554,90.0635,0.1637,0.4414,6.7194,134.8263,40.3838,1.8335
112,158.9946,5.6846,73.4563,0.1105,0.6308,6.5191,54.1187,34.1544,3.1866
113,176.2182,2.4239,88.6989,0.3304,0.6384,2.9392,197.5954,47.3406,2.1121
114,73.5441,3.8272,88.4008,0.6837,0.1024,8.9032,59.6433,49.3206,1.6116
115,62.0212,3.7133,51.1845,0.2687,0.8003,7.5358,99.2871,38.6183,2.2718
116,180.3837,4.7844,75.0497,0.8927,0.1036,2.9306,195.6872,41.7177,2.0799
117,104.0719,1.4085,44.4119,0.5882,0.9839,9.9596,133.7595,49.9286,1.7107
118,99.1367,3.2294,36.2216,0.4231,0.199,10.1057,119.6452,12.666,2.9487
119,154.1204,2.609,96.8687,0.3695,0.3799,4.0327,153.8888,44.0083,2.1817
120,163.8646,5.0693,48.8698,0.8603,0.653,2.3375,62.6994,24.8341,2.5658
121,142.094,3.3727,88.1115,0.051,0.6272,10.4882,176.1196,45.5893,1.9085
122,65.2762,5.3302,65.2396,0.1186,0.9383,6.8995,136.392,38.5651,2.35
123,104.9767,3.2174,41.3939,0.3576,0.0047,4.3283,190.5802,20.7656,0.9258
124,52.2518,4.9693,44.9997,0.1512,0.8055,3.7503,198.5675,22.7539,2.0417
125,65.4068,3.3253,86.0589,0.9555,0.5983,1.7109,189.888,36.9862,2.3956
126,159.5149,3.1587,28.4081,0.5736,0.955,5.46,200.4973,35.8362,2.7314
127,91.3207,3.9817,51.9387,0.5021,0.7862,4.5595,106.6957,11.6687,2.381
128,74.4164,2.4084,15.8665,0.1023,0.2922,3.8187,137.8221,34.5578,1.7816
129,197.3887,4.5095,34.062,0.3828,0.0248,6.7173,190.3434,36.9629,2.3222
130,,,,,,,,,
131,153.0339,3.956,41.2413,0.1674,0.8219,2.3429,60.6166,47.0339,3.1555
132,99.4541,4.1339,74.4213,0.3421,0.8235,8.8073,118.4299,19.7727,2.5934
133,75.4725,2.0861,44.9012,0.4004,0.6659,11.2658,177.3716,41.9337,1.9213
134,172.6735,5.0663,52.0102,0.9493,0.6941,5.3344,66.9047,10.9501,2.4346
135,189.2768,1.6666,52.979,0.8103,0.5776,3.7319,66.7087,26.404,1.3831
136,180.2621,4.7486,64.6694,0.5483,0.5434,2.9038,92.341,18.1927,2.8851
137,88.4735,5.4345,25.5424,0.0367,0.1474,5.8469,164.1782,19.3568,2.1308
138,64.0795,3.6107,18.3201,0.4445,0.5024,8.995,167.914,25.6723,2.0684
139,125.7978,3.8247,95.5401,0.9581,0.9657,2.8917,102.2221,11.5362,2.4544
140,166.2818,4.245,36.146,0.4871,0.9904,10.5253,153.8295,28.7101,1.9688
141,197.4467,2.56,79.1918,0.1221,0.2596,8.5091,85.2175,38.2565,1.3393
142,187.4303,2.3094,58.1863,0.3165,0.2988,5.5209,79.3313,37.4829,2.0815
143,55.1963,4.4408,72.0106,0.2961,0.4934,3.5795,120.6566,46.2785,2.4858
144,53.8003,1.4937,14.5383,0.7044,0.2849,5.5459,123.664,14.6881,2.238
145,145.5942,3.8328,72.1702,0.9164,0.2716,7.0103,130.1023,31.2363,2.7332
146,70.1538,5.444,86.4059,0.8175,0.769,3.2347,55.7104,28.3696,2.6455
147,141.1232,1.9709,79.1285,0.8981,0.3215,4.6439,112.7615,43.8414,1.8458
148,51.4685,1.9715,59.2739,0.9565,0.6672,2.0381,163.5004,41.9279,1.8918
149,161.6335,2.0718,13.6965,0.9004,0.9833,1.1146,90.3146,36.5129,0.8001
150,108.5196,2.2631,54.6292,0.4939,0.9296,9.2929,62.1919,42.9613,2.4126
151,163.7276,4.4077,34.8008,0.6013,0.7719,7.7562,107.2853,47.984,2.1733
152,154.5578,4.3836,61.1171,0.7416,0.7705,9.986,136.1468,25.9303,2.9425
153,121.7511,2.8773,62.9545,0.0738,0.491,5.1183,178.7659,11.3744,2.5139
154,126.7933,3.4249,45.759,0.194,0.481,7.9078,114.9517,44.127,2.2675
155,64.3356,4.3053,78.6314,0.4145,0.1275,9.7354,69.1094,23.6717,3.0789
156,147.8946,4.4829,41.4411,0.5145,0.5469,2.4596,127.0311,45.6457,1.5525
157,146.7042,3.1567,30.9835,0.329,0.0197,9.0036,103.6741,39.1561,1.9922
158,173.1437,3.2951,67.1567,0.979,0.8988,7.6512,173.4796,30.9699,2.1007
159,58.1157,3.3882,18.8546,0.1969,0.0988,3.5827,127.2207,30.9466,2.2456
160,79.0852,2.0619,38.3945,0.9431,0.9907,5.6426,78.9563,49.6947,2.2623
161,150.1283,1.5852,46.441,0.3931,0.5897,2.3569,55.6849,18.2435,2.1826
162,132.9532,3.8273,17.314,0.6295,0.7321,4.6101,73.9382,25.7542,2.907
163,112.5382,3.716,18.3011,0.0004,0.2737,11.5241,160.0973,28.8997,1.8553
164,54.2301,2.547,59.555,0.4518,0.7998,12.0535,198.6863,28.3343,1.9326
165,175.3389,2.9468,74.303,0.5283,0.6717,10.2434,159.6081,43.4073,2.2905
166,94.0813,1.8358,91.62,0.4288,0.5552,1.6665,153.0158,42.6993,1.925
167,105.5695,3.3151,90.2897,0.3773,0.926,10.4336,79.9478,46.9793,2.488
168,119.0023,4.2999,46.0996,0.0328,0.2442,4.2046,93.7839,19.3562,2.4157
169,132.722,4.8686,66.4876,0.1165,0.1632,6.4718,56.6363,35.9286,2.822
170,87.0418,3.763,20.9585,0.0329,0.3102,8.3705,129.605,31.1506,2.8335
171,125.1009,2.3361,18.0087,0.8451,0.1548,6.1403,93.3928,32.8785,1.5367
172,189.6152,3.7061,33.6084,0.2173,0.7429,1.6428,140.2404,27.6113,1.5624
173,80.3653,2.1816,70.509,0.0245,0.3883,11.258,126.8733,34.9996,1.1026
174,133.1859,5.4667,20.8888,0.7619,0.8908,2.1628,113.9396,35.1726,1.7666
175,196.5827,5.1074,40.1466,0.3531,0.1544,3.8676,83.5043,27.2176,2.4584
176,122.2384,2.0966,99.7999,0.666,0.0842,6.1833,130.5093,31.9724,2.4213
177,186.39,4.5184,32.8151,0.7595,0.1782,11.5086,163.4949,24.2035,1.9541
178,56.4686,3.3008,79.2648,0.0726,0.7667,6.5506,159.781,18.9129,1.9422
179,129.4276,4.9639,15.4139,0.811,0.6278,4.3093,180.5857,40.0615,2.6443
180,50.9781,3.6546,75.11,0.2262,0.0157,9.9872,63.9236,40.2938,2.2094
181,91.3529,2.873,48.6203,0.9583,0.8243,8.3065,107.334,29.4763,2.7793
182,188.313,1.4427,69.3323,0.7841,0.7439,10.8507,181.3698,42.7806,2.7926
183,112.6307,5.033,12.1533,0.8618,0.8443,3.4366,120.9238,22.2776,1.5535
184,120.1535,4.349,78.9588,0.202,0.6937,5.4829,63.9572,32.8015,2.2398
185,110.5731,2.5137,25.0754,0.4446,0.9301,6.6253,96.5499,36.0831,1.4195
186,161.8382,1.5399,33.0543,0.4546,0.2096,7.1573,96.702,11.4045,2.4378
187,110.5962,3.8281,74.6547,0.1942,0.4131,4.3123,111.3281,17.3149,1.8411
188,127.4867,4.1319,64.7939,0.0835,0.9371,9.1576,146.2204,44.4098,1.8665
189,60.3308,4.0916,33.8526,0.7089,0.1128,2.0493,68.7322,38.5611,2.9542
190,157.82,1.813,86.4466,0.458,0.5494,10.0406,128.5949,46.3885,3.1161
191,130.2165,5.0622,15.3761,0.2852,0.3559,6.9408,66.2678,25.3902,1.316
192,196.094,3.3163,28.8813,0.0092,0.9278,11.415,78.2996,45.285,1.9345
193,180.7115,1.4064,26.5025,0.8855,0.148,6.555,103.2952,19.3871,1.3721
194,102.4316,4.7893,14.0705,0.7296,0.6091,1.4636,133.5468,32.188,1.7685
195,106.5129,3.6037,64.3706,0.5819,0.1264,8.9979,126.2539,40.4584,2.6008
196,149.1669,3.5058,98.6722,0.1663,0.5527,2.2447,119.16,47.703,1.4882
197,119.7084,3.2837,90.7758,0.1296,0.0048,2.9571,114.4954,46.0444,2.179
198,134.1334,3.0281,69.7943,0.7092,0.7319,12.2711,101.8238,49.9211,2.5676
199,195.8181,2.8285,31.7508,0.6603,0.4144,9.264,59.8354,46.6612,2.2099
200,64.4102,5.1068,78.6741,0.2505,0.605,8.5637,140.2627,34.3735,1.911
201,139.6447,4.4864,93.5884,0.0392,0.0252,4.9596,125.3675,27.9652,2.0221
202,151.6737,2.5125,70.9604,0.5775,0.8527,7.3105,123.349,11.4488,1.1393
203,83.4772,3.1448,77.9861,0.1455,0.7791,6.0301,160.0233,23.6043,2.5032
204,138.5162,4.0866,81.7639,0.7225,0.2387,6.8455,148.7559,20.5481,2.3018
205,167.2172,4.1383,67.6522,0.2529,0.7578,3.5146,128.8651,25.9455,1.6588
206,93.2198,1.3999,53.0634,0.668,0.8408,6.9702,52.1838,23.166,2.1151
207,196.9603,4.9232,57.7575,0.1648,0.0272,1.6959,193.5241,49.3691,2.1238
208,70.0283,2.9223,94.3956,0.575,0.7399,9.656,142.2102,15.2306,2.3613
209,121.4845,1.6176,98.3896,0.9483,0.2926,9.0524,57.1037,39.073,1.9384
210,159.5611,3.9095,86.3781,0.5456,0.9747,10.5446,78.0994,27.8261,2.26
211,116.0725,2.4673,42.3701,0.1835,0.7548,2.2241,116.6908,30.0665,1.7257
212,127.882,5.1091,59.2026,0.435,0.9083,7.3315,174.7812,15.3133,1.9513
213,121.3244,5.003,16.938,0.9219,0.2173,4.2136,63.451,29.4163,1.4979
214,58.8588,2.2113,31.4451,0.4639,0.684,3.3856,114.9263,24.9483,2.3391
215,98.9356,5.0762,87.5426,0.8811,0.0073,3.8336,97.7125,44.3699,1.6661
216,62.7554,2.742,15.0146,0.789,0.8302,6.0924,147.9568,13.0104,2.3006
217,164.1277,2.6926,65.6159,0.9874,0.0137,5.1042,183.429,15.6122,2.3528
218,122.5541,4.9546,62.6302,0.2947,0.849,5.5497,135.5232,23.9846,2.4244
219,112.0302,2.0448,13.2072,0.9616,0.6502,2.7236,149.0412,37.421,2.387
220,164.2414,4.7354,22.5984,0.638,0.6038,11.9394,118.2761,28.7307,1.7973
221,149.1823,4.0479,64.0759,0.5281,0.8013,7.621,189.294,13.2354,1.887
222,112.6149,2.2774,58.3759,0.9649,0.962,1.2845,144.1466,23.7139,1.987
223,70.6694,4.8329,13.0637,0.8979,0.4918,10.7471,54.1042,29.8249,1.5034
224,123.3056,2.0252,56.5165,0.0055,0.2762,3.5956,75.6522,26.3629,2.3493
225,79.8604,4.6131,12.5933,0.0781,0.3232,3.691,174.0616,42.0022,2.8483
226,113.4518,1.5442,36.9099,0.5166,0.1331,7.2752,63.8196,18.2697,2.2661
227,182.4463,4.4158,32.9642,0.1763,0.2797,1.6016,162.8775,47.9907,2.4384
228,91.8645,4.1616,17.5769,0.5184,0.2943,10.8152,62.5871,29.139,2.7928
229,115.5907,2.5314,70.9783,0.7243,0.4884,2.933,136.5239,22.5378,2.5651
230,55.4044,4.406,49.2783,0.4224,0.1248,4.1245,75.8011,26.2443,2.5906
231,184.7253,4.4986,32.8263,0.091,0.981,4.9306,200.2603,33.0737,1.8734
232,62.6521,3.5617,35.1843,0.8454,0.5345,5.1611,166.4913,11.9141,2.1093
233,145.67,2.0408,92.2753,0.1903,0.9905,9.5106,141.3885,46.5004,2.1139
234,195.7983,2.397,60.1413,0.6228,0.8382,3.4768,169.8681,11.3524,1.496
235,187.0369,4.7244,33.3143,0.2515,0.8767,11.1809,89.9997,46.1066,1.5738
236,54.9354,5.1184,56.438,0.3806,0.4786,3.2805,171.6012,21.0755,1.8752
237,90.8922,2.4468,44.4442,0.8879,0.2986,8.821,70.7145,12.5336,2.4145
238,66.2791,5.4183,90.6994,0.2336,0.1419,12.1615,166.6583,34.8006,1.5846
239,111.6379,5.6033,31.1974,0.2878,0.495,9.3167,174.8305,43.7991,2.2409
240,118.798,4.6799,24.893,0.5684,0.6092,10.3551,82.8321,47.9217,1.9969
241,75.6675,2.5963,91.5394,0.0303,0.4069,4.6323,196.1882,43.6176,1.4974
242,166.4581,2.888,29.1601,0.8942,0.181,8.3009,73.0827,12.9374,2.2022
243,103.2912,2.9435,11.1376,0.7739,0.3589,2.0968,155.4967,22.206,2.8063
244,109.9044,1.7843,55.574,0.8212,0.1499,9.0345,156.5104,42.8527,2.0452
245,95.1839,4.9738,91.7922,0.3131,0.5766,7.9525,198.6942,42.2864,2.4738
246,93.3954,3.222,26.0943,0.9521,0.8776,8.4029,70.6625,20.0498,1.8335
247,113.1595,2.8888,86.0386,0.5347,0.0246,10.7162,151.1639,38.4837,1.8553
248,111.5543,3.3724,96.3323,0.7939,0.4235,6.9894,102.6638,47.3368,2.1747
249,127.9702,4.735,88.219,0.3774,0.6702,11.803,88.6893,21.6497,2.625
250,157.1862,4.8794,80.8359,0.6338,0.9551,7.138,190.3853,15.6818,2.22
251,67.4988,2.6956,36.4077,0.8618,0.9566,4.6299,53.3597,14.0083,2.1098
252,64.2667,3.3871,41.6933,0.8584,0.4616,1.7174,184.9648,36.6544,1.6126
253,73.5058,3.3347,24.7993,0.581,0.8696,10.5253,102.4751,35.1387,2.1633
254,65.1099,1.702,56.3282,0.9729,0.3384,3.0025,127.081,32.2903,2.569
255,74.7478,4.0814,85.3706,0.8534,0.3563,10.3436,112.4484,30.5382,2.318
256,55.3855,4.9287,54.9437,0.315,0.5007,7.8554,173.5869,42.3191,1.5221
257,174.5091,5.0676,85.0465,0.1397,0.8826,6.2977,127.7966,18.8329,1.9726
258,170.589,4.7428,53.9176,0.9428,0.5342,7.0872,65.8603,15.2153,2.4138
259,53.6768,2.3327,41.4596,0.8898,0.0618,2.4689,61.582,39.7664,1.7395
260,98.896,1.9256,22.2317,0.7733,0.0923,4.1361,170.3165,36.4498,2.4301
261,144.9392,2.4727,11.7096,0.3306,0.8452,8.5268,101.4001,39.3193,2.3841
262,72.9977,1.6511,42.7742,0.8172,0.6172,11.5185,109.6353,29.0894,2.8666
263,76.5945,4.0813,84.7598,0.4475,0.6608,4.3739,198.933,31.6374,2.1472
264,60.7894,2.772,41.9339,0.3898,0.5843,2.2367,77.2046,13.735,2.3538
265,74.5875,3.4037,83.7765,0.0108,0.997,2.8599,61.5373,19.6216,2.098
266,147.5731,1.9281,72.4239,0.6142,0.4196,3.9466,110.8111,37.6588,1.7998
267,144.9703,3.941,49.9869,0.9662,0.793,2.1831,179.7477,10.829,2.9022
268,90.7291,3.5867,14.127,0.2914,0.918,4.5934,65.4772,47.0082,2.3334
269,89.1436,2.6679,74.3241,0.753,0.0059,4.8464,140.7721,44.1028,1.6511
270,112.5015,5.4652,61.8292,0.5882,0.9828,8.6042,64.8295,39.3749,1.9208
271,122.361,3.1808,51.9875,0.0732,0.1541,10.0841,126.3395,32.3071,1.8616
272,188.1206,4.1318,98.6551,0.4717,0.7584,6.1945,76.7399,22.7925,1.8352
273,152.2328,5.0399,78.1122,0.079,0.9464,5.1316,63.3165,48.145,1.9994
274,98.0908,4.0982,41.8862,0.6462,0.2064,5.4812,118.972,20.7971,2.0092
275,165.142,3.8743,41.1162,0.4343,0.9268,7.8789,131.4372,25.5316,1.2228
276,116.5491,4.7274,65.8597,0.1984,0.603,1.4475,173.6675,35.7258,1.2364
277,139.29,3.7555,24.2202,0.3861,0.2736,4.56,137.2287,24.787,1.7939
278,148.5702,2.9941,59.6086,0.3692,0.6325,7.5769,138.0898,31.8525,1.5797
279,99.5232,2.6262,61.0638,0.1041,0.3057,11.0313,97.6888,44.8347,2.4647
280,125.5286,5.1052,69.322,0.1863,0.9799,2.693,94.8867,31.8072,2.1088
281,65.3123,4.4845,87.6357,0.3274,0.7034,11.666,94.9291,26.6234,1.4235
282,177.8749,1.5253,69.5903,0.5928,0.7933,4.2198,57.7748,33.4547,2.3935
283,193.2189,2.5217,91.9863,0.1979,0.1219,7.2042,93.4518,22.4773,2.1974
284,185.7335,2.0306,12.6053,0.8463,0.2285,2.9288,169.7203,49.722,2.4283
285,57.0033,5.3987,64.8703,0.1078,0.3886,10.0994,169.7267,14.6695,2.669
286,178.4061,2.6024,13.1021,0.0696,0.3655,10.3211,161.9275,32.2118,1.9437
287,176.6419,3.9817,85.9135,0.3316,0.3431,11.9472,146.3833,44.2166,1.8223
288,70.2332,2.069,22.3345,0.7609,0.0677,8.5248,182.6928,22.61,2.7453
289,158.7197,3.8377,55.2977,0.7175,0.6108,11.8924,180.2568,39.096,2.318
290,58.1189,4.0084,20.4487,0.6485,0.9622,10.159,108.2606,49.9766,1.4987
291,171.8956,4.3069,68.6116,0.023,0.1339,5.5899,150.6477,15.2668,1.7753
292,171.2709,4.0378,60.311,0.0078,0.589,11.3051,183.365,25.95,2.0837
293,195.6424,5.32,13.6376,0.3012,0.8519,4.868,161.8041,22.4545,2.6073
294,115.2969,4.8577,78.1378,0.1395,0.8049,6.8628,189.1208,28.3165,2.2488
295,125.4941,3.203,58.3411,0.0982,0.0341,10.7162,197.4649,12.4396,2.3589
296,114.9041,5.3111,51.2672,0.6082,0.038,7.8907,126.2342,29.7608,1.8016
297,126.9072,2.2914,90.7973,0.2677,0.0937,4.9238,139.9558,38.2481,2.223
298,172.8465,1.5859,81.0157,0.6889,0.2343,11.5403,119.2008,28.9323,2.355
299,180.3385,5.4347,88.7358,0.8797,0.2849,2.0231,115.8716,24.5919,2.3631
300,52.7186,2.1528,29.1588,0.8516,0.8164,10.5281,64.3028,33.0874,1.7552
301,150.3502,4.1261,54.4921,0.4295,0.3152,3.8142,105.6016,11.4186,1.3187
302,144.5853,3.9453,43.8937,0.6341,0.9529,12.7367,117.2489,25.6844,3.0831
303,142.2736,3.2391,38.7337,0.2198,0.1494,2.0493,139.6816,46.7893,1.7234
304,163.0166,3.0733,38.0043,0.2763,0.2605,3.1764,69.4103,12.2913,2.1596
305,160.2092,3.4603,36.1776,0.9369,0.7739,4.3838,197.7982,31.3862,2.1078
306,66.2463,3.6431,65.569,0.3166,0.7835,3.0603,105.0179,30.7703,2.2234
307,156.633,4.0723,59.956,0.2529,0.8921,4.6999,88.3575,16.7397,1.5221
308,175.1659,1.4541,16.3786,0.2479,0.3419,7.498,111.5293,14.5981,1.8512
309,52.6836,2.712,38.72,0.9782,0.8022,2.6814,122.7441,27.3288,2.1711
310,98.1734,4.0647,41.871,0.9979,0.694,9.2235,102.0064,32.5698,1.9275
311,80.2963,3.9601,20.4573,0.8713,0.3465,6.0223,165.4001,29.7014,1.1832
312,53.7368,2.7239,60.2224,0.5726,0.5674,8.5643,193.3137,12.8713,1.5429
313,180.4669,1.7511,75.1013,0.8313,0.1628,6.1557,84.1076,43.0814,2.1887
314,130.7235,2.6379,22.4032,0.1946,0.882,7.9037,57.1263,48.2505,2.2484
315,161.1064,3.6944,32.2352,0.6189,0.2436,3.0461,135.3136,45.6358,2.088
316,83.2868,2.6698,54.0476,0.0931,0.1912,10.6131,146.8034,31.4766,2.3044
317,69.5079,2.4953,26.3873,0.1741,0.4765,9.1185,178.8242,47.0371,1.4991
318,73.5178,1.4694,90.3199,0.7343,0.717,4.0524,185.7849,39.6055,1.0696
319,177.2397,1.4511,37.3899,0.9286,0.7199,4.3243,52.6259,28.4421,2.6269
320,89.6343,4.6388,79.0365,0.6523,0.3046,3.5332,77.1836,50.6834,1.7648
321,143.0841,3.8603,56.741,0.4323,0.4166,3.1946,99.4466,13.4503,1.527
322,103.2047,5.1538,64.8163,0.2776,0.1723,8.0109,96.8864,31.5676,2.008
323,116.2892,2.3805,74.2176,0.911,0.0313,3.2668,124.9362,15.9934,2.3471
324,178.3159,1.5692,27.1901,0.8286,0.7474,6.0226,71.4778,15.2184,1.3129
325,160.8947,1.1265,58.8258,0.417,0.9735,3.0757,177.3249,18.4664,1.9126
326,101.2139,3.9646,33.7255,0.9871,0.1852,8.3127,128.1632,32.7678,3.1855
327,184.7273,3.8166,20.3152,0.8603,0.6279,2.4766,197.7764,14.4758,2.5967
328,97.3711,1.9608,86.804,0.0612,0.383,10.4224,144.2601,14.939,2.2288
329,162.9795,2.6364,39.9719,0.8142,0.9018,5.1179,111.4444,44.9467,1.9259
330,168.7552,1.5769,79.6123,0.9232,0.6186,2.3105,100.409,27.5421,1.7391
331,104.7936,1.7502,76.0394,0.4513,0.9797,6.6742,180.2949,30.0365,1.6901
332,129.0771,3.9557,64.4495,0.6357,0.4344,11.8868,182.3425,20.2225,2.7464
333,119.796,3.1586,65.3704,0.5623,0.2658,7.3704,87.5253,26.0805,2.4504
334,144.6454,2.5984,56.7216,0.3163,0.4899,8.7577,124.5394,49.0411,2.8995
335,159.4869,3.5751,47.152,0.0294,0.101,9.5447,115.5457,46.2182,1.389
336,187.6937,2.2128,12.6614,0.9999,0.7285,1.6937,180.6678,41.6274,2.6577
337,137.6542,1.9594,63.567,0.3729,0.5425,10.2697,84.886,11.162,1.4329
338,185.8999,3.0342,60.0481,0.7142,0.5419,2.2589,72.7316,32.3707,2.4668
339,199.8788,4.7582,74.9172,0.6266,0.0909,2.9189,117.6316,42.8963,2.7514
340,132.3561,5.4788,32.5704,0.2788,0.3024,2.8261,118.406,49.9559,2.1605
341,88.6784,5.4781,51.8414,0.0231,0.027,11.869,95.1221,41.3054,2.3825
342,146.9482,2.6878,76.4339,0.8567,0.1822,6.9727,172.3209,40.8225,2.0927
343,159.7252,4.1952,87.2348,0.566,0.723,1.3945,173.944,11.956,2.2104
344,147.577,3.637,57.4299,0.1871,0.3007,11.9537,154.4236,47.7201,1.8992
345,59.1121,2.2784,65.7804,0.0251,0.8345,11.7449,192.9128,18.1988,1.5381
346,78.8001,3.982,35.2995,0.9274,0.789,12.4416,64.0462,25.8249,2.3636
347,86.2813,3.677,51.7586,0.2588,0.1982,5.5588,192.602,44.8665,1.7838
348,87.729,1.7119,55.5071,0.7817,0.9381,5.3026,73.2658,38.1409,2.3305
349,191.5857,4.8704,23.5134,0.1861,0.0374,8.9076,159.0535,40.7854,2.2293
350,150.8351,5.1192,17.1957,0.0462,0.6582,5.4109,117.0382,33.7171,2.6886
351,85.8212,2.8251,27.6463,0.0122,0.1545,7.8281,129.276,20.4291,3.056
352,75.4006,1.5166,85.8195,0.7064,0.1157,2.6665,107.5674,48.0406,1.9885
353,57.4067,2.5408,53.3545,0.8524,0.0245,4.5582,104.4558,18.5034,1.8444
354,93.0993,4.9595,20.8575,0.7945,0.1414,11.165,141.1266,12.1649,1.7867
355,100.831,3.1897,96.8879,0.2403,0.3253,2.0024,140.391,11.1294,2.3872
356,92.7321,4.3697,23.1136,0.7821,0.5753,6.684,157.7639,17.2423,2.6923
357,158.7442,3.6418,62.8861,0.3078,0.0995,3.7834,158.1597,39.7538,2.4431
358,135.925,5.0663,58.5909,0.1912,0.2502,11.1346,55.1081,12.1706,2.0882
359,66.1287,3.3538,29.5101,0.2404,0.3367,7.1749,131.394,13.3866,2.155
360,147.6616,5.0894,22.8388,0.7242,0.4618,11.9942,150.6519,18.1046,2.2113
361,97.2935,2.6329,93.2495,0.1671,0.242,6.907,167.3789,37.8722,1.7798
362,,,,,,,,,
363,123.3536,2.3026,37.1721,0.1521,0.5768,2.5972,99.3501,49.5186,1.6892
364,71.5727,2.1108,60.328,0.8413,0.973,1.9811,109.233,39.3708,2.2243
365,78.2177,3.9899,73.2181,0.3424,0.479,7.1436,65.7262,47.3012,2.6562
366,133.2572,4.5892,36.0977,0.3089,0.6272,7.9579,116.8781,32.1477,2.169
367,93.4514,2.1189,13.7304,0.392,0.0018,3.5895,188.0199,33.029,3.0541
368,107.3397,1.2718,66.6064,0.0851,0.0879,5.2828,94.5003,42.3013,1.9249
369,168.0835,1.201,59.7982,0.9945,0.3745,5.6478,85.8548,22.8464,2.1931
370,133.9751,3.1756,15.5269,0.8086,0.6881,5.5027,75.4443,27.7731,2.5381
371,182.1225,4.0906,60.2796,0.4752,0.4014,7.7605,137.4084,33.1108,1.4788
372,153.2991,3.4169,39.698,0.2275,0.3502,6.9039,129.244,12.8235,1.3499
373,73.2518,2.9941,83.1001,0.42,0.6935,7.1536,117.0366,30.1407,1.7918
374,64.9654,3.6358,41.9358,0.8163,0.187,4.6191,90.3981,22.3758,1.6877
375,147.3888,2.5106,61.4135,0.9417,0.3952,10.7318,196.9493,13.7125,3.182
376,130.5634,5.4947,57.1231,0.9792,0.8498,12.6625,74.7033,20.2709,2.1629
377,160.816,5.1455,94.9479,0.5359,0.4361,9.6515,92.0996,49.8957,1.5242
378,134.0824,3.3412,64.0017,0.1219,0.63,2.3243,98.0613,39.5597,2.1976
379,199.0063,4.2506,68.8194,0.911,0.0402,12.5054,113.279,38.4941,2.279
380,197.4728,4.4334,48.6736,0.1603,0.8058,8.4232,77.1059,26.6015,1.5661
381,91.515,2.483,23.0172,0.6625,0.1733,2.1432,73.9186,41.3118,2.2434
382,168.8325,2.3423,52.8818,0.6761,0.2782,12.0667,86.5354,43.9195,1.8926
383,165.5808,5.0849,75.4967,0.1055,0.4771,7.9468,129.2776,14.2093,1.8881
384,176.4661,2.7485,56.7915,0.8241,0.775,1.3312,165.2547,24.3204,1.742
385,113.2624,5.1358,64.9355,0.2133,0.4923,3.5227,91.6435,46.6479,1.6534
386,189.6665,4.2048,82.0637,0.0817,0.3097,7.3206,169.0276,27.4857,2.0156
387,107.0997,4.8091,10.963,0.2277,0.7484,12.1917,60.3314,30.7255,2.2524
388,157.6227,2.2271,60.5822,0.8459,0.8638,2.168,85.7467,17.171,2.2872
389,140.4204,4.9887,75.448,0.5968,0.6755,6.1691,113.5519,13.7235,1.2666
390,105.1544,4.3169,97.4062,0.3476,0.3304,2.3247,102.1297,48.3776,1.3513
391,84.5073,1.9031,86.8191,0.1195,0.4395,5.8606,92.1924,18.5346,1.8071
392,153.0779,5.3458,80.0964,0.1522,0.0154,3.3613,106.1767,15.9233,1.7862
393,185.6836,3.6978,40.3997,0.4993,0.8316,10.4821,173.7937,41.994,1.3785
394,110.7599,4.6437,54.5929,0.376,0.4312,5.165,77.6164,13.5349,2.3629
395,64.8848,5.1546,67.7485,0.4893,0.7068,9.9748,115.9708,16.269,1.5706
396,93.0305,2.4612,95.6474,0.7206,0.1035,3.0175,147.3831,44.3738,2.8829
397,110.3724,3.3253,99.956,0.503,0.0911,12.5206,112.8321,46.0368,2.2795
398,111.4908,4.5892,81.8238,0.0763,0.0403,7.6802,185.5648,36.2106,1.2271
399,146.0367,2.7266,64.6323,0.4047,0.1199,3.9565,65.3717,37.6171,1.8634
400,67.5652,4.1823,99.7631,0.3497,0.0532,10.2029,111.616,17.0186,2.0543
401,67.0861,4.4824,86.2168,0.8646,0.6161,8.1923,193.5257,11.4067,2.1811
402,76.5399,5.029,57.1123,0.6605,0.5598,3.939,120.8786,36.2385,2.3857
403,75.4677,3.7611,58.0481,0.2145,0.0785,8.8987,175.6612,45.1504,1.65
404,77.1024,4.8856,39.1007,0.0141,0.1506,8.8368,60.5091,15.0651,2.3064
405,51.6515,2.618,40.3756,0.6928,0.0512,12.4687,160.6934,14.3863,3.251
406,91.6226,3.2825,82.3461,0.2667,0.6497,9.3787,92.1496,16.5541,2.7061
407,135.6903,4.1326,28.6319,0.6976,0.6649,8.5762,62.4131,40.7705,2.0353
408,199.4112,4.2488,55.1016,0.4721,0.0113,4.5726,145.4599,43.2274,1.6591
409,112.4816,4.07,69.6166,0.5998,0.228,9.9558,171.0259,50.4274,1.7382
410,177.124,2.0028,88.7716,0.0097,0.6124,2.0735,70.323,37.1722,1.8227
411,82.1948,3.4894,71.937,0.905,0.6946,3.025,60.7432,36.959,2.5425
412,191.6825,5.2545,30.4286,0.1356,0.9739,3.0396,190.1755,47.4084,2.075
413,52.8555,2.2927,43.8379,0.9094,0.3471,8.3089,110.4253,25.2901,2.2548
414,54.7229,2.1523,31.3703,0.8557,0.5721,3.5182,81.9379,41.9726,2.2804
415,104.798,1.9583,51.6795,0.0957,0.6786,1.704,194.918,23.033,2.2411
416,181.5703,3.9134,13.4661,0.5104,0.2294,7.6095,191.2038,26.4315,1.842
417,135.4404,1.3245,51.3808,0.28,0.5652,4.7463,91.5691,44.8788,2.4403
418,55.9885,5.1498,20.5095,0.4134,0.4101,8.1835,79.2595,16.7806,1.8739
419,176.9063,5.3081,64.6981,0.5911,0.7137,6.794,68.9469,50.2445,2.1937
420,74.9097,4.9297,83.6203,0.7359,0.2134,11.3014,112.3473,30.1038,2.374
421,107.197,4.5554,88.2853,0.2557,0.1608,2.1757,166.3474,34.993,2.7511
422,63.5753,2.0593,94.8705,0.9571,0.1904,7.8011,102.7615,36.9574,2.7253
423,190.5636,3.3791,97.9635,0.4687,0.592,6.5107,88.2655,25.6422,2.4315
424,51.9011,1.6564,14.662,0.5831,0.8016,8.5782,167.9747,44.735,2.2858
425,181.7965,1.825,91.8284,0.6349,0.9269,7.5581,108.1879,34.1117,2.0816
426,75.9783,2.0183,59.3693,0.8008,0.909,12.4492,59.7372,47.9794,3.0309
427,80.8339,1.7163,83.5409,0.066,0.5537,4.6219,116.7189,48.1466,2.0536
428,83.5223,3.4538,48.8645,0.3732,0.1442,8.6045,179.0991,38.5057,1.2952
429,72.0107,3.6877,21.0277,0.3633,0.6944,10.1264,198.7472,39.5792,2.2268
430,71.9936,4.2398,56.1183,0.748,0.9833,7.3676,136.7048,27.5575,1.4747
431,180.7423,4.9756,57.661,0.9957,0.8841,4.587,110.0618,19.9607,1.3659
432,113.1079,2.2746,49.6602,0.3217,0.7905,5.2489,135.0027,37.1692,2.2722
433,104.5217,3.2807,21.1877,0.749,0.6513,6.0645,107.9229,26.8637,1.6898
434,86.9329,3.9012,13.7183,0.9476,0.5373,2.963,94.118,37.6695,2.4189
435,185.7791,1.4536,13.7011,0.8231,0.1893,5.2489,160.3347,28.5021,1.8252
436,138.0148,4.6936,20.7144,0.4102,0.743,2.6736,81.6237,21.792,1.7427
437,102.4004,3.3555,12.5466,0.4723,0.0917,6.5919,67.9111,35.0202,2.6375
438,80.3655,3.894,72.1745,0.0082,0.1196,3.9431,173.3744,14.2313,1.6273
439,187.7384,2.6586,95.0394,0.5027,0.0434,7.6714,58.5134,40.0174,2.2938
440,80.979,4.1488,29.5161,0.9205,0.0294,10.5365,63.4324,45.0606,1.1927
441,60.6357,2.8983,89.1786,0.1559,0.6114,3.5108,115.5665,18.9255,1.3843
442,144.7391,3.8806,57.9458,0.0934,0.1486,5.6352,200.1103,20.7014,2.0369
443,91.6023,3.9185,16.9669,0.9256,0.326,2.9612,66.0796,27.664,1.7378
444,77.3456,4.6608,88.8738,0.1705,0.8019,6.7934,107.1945,25.5236,2.1545
445,141.5661,3.2468,53.1686,0.3242,0.6875,7.1121,65.614,47.1145,3.0548
446,118.7358,4.4151,97.0389,0.1426,0.4593,6.9367,117.0689,24.6541,2.2685
447,74.2282,2.5144,11.3759,0.7638,0.5225,12.7265,101.4269,49.9122,2.9839
448,136.9753,2.6224,41.0139,0.324,0.6589,1.7794,144.8571,37.1396,2.6548
449,150.1466,4.7823,28.8271,0.1701,0.922,5.6305,193.8262,25.8297,1.9802
450,154.4674,4.5203,11.9699,0.7549,0.7901,8.5906,80.0185,13.036,1.5807
451,88.6687,2.2057,40.4852,0.6349,0.0207,3.6738,152.1292,24.0903,1.8346
452,128.4695,3.1281,55.4369,0.1152,0.6651,9.4967,192.9242,13.8776,2.53
453,100.8289,1.972,57.5272,0.0841,0.2426,2.5249,170.302,17.8802,1.5677
454,189.5729,2.4526,81.1095,0.4374,0.8836,6.5287,180.2366,14.8759,2.3293
455,122.4349,3.0078,39.1305,0.2407,0.1291,9.044,113.7853,38.1857,2.3869
456,135.5993,5.254,14.7137,0.5435,0.8949,2.3233,196.7785,24.7994,1.7037
457,129.8363,2.7615,67.6024,0.4688,0.5798,11.8301,84.9432,46.7881,1.7016
458,200.5196,2.9005,92.0654,0.7354,0.6214,5.3361,77.7999,23.2793,2.2847
459,185.0334,1.6871,63.7807,0.4807,0.4105,11.6025,190.7095,24.5684,2.41
460,198.4595,3.0728,31.7158,0.3295,0.266,9.3304,101.5602,21.3363,2.1661
461,86.7159,2.8416,33.941,0.2735,0.7461,3.4121,127.5848,48.8856,2.2608
462,123.2535,2.9912,42.7609,0.2443,0.8661,11.9886,159.6947,16.0508,2.779
463,118.8342,2.3907,88.9156,0.6421,0.1121,4.7426,199.8216,19.0077,2.5522
464,155.2793,4.5923,85.0327,0.1603,0.339,6.9031,74.9013,33.7571,1.9797
465,,,,,,,,,
466,112.8891,3.9299,23.976,0.7269,0.9401,11.7868,88.3856,24.5966,1.6988
467,129.7808,2.4722,72.282,0.8142,0.1479,4.9994,105.9945,46.238,1.7458
468,120.3726,4.3262,71.4664,0.4666,0.0784,10.772,132.7412,48.3647,1.8956
469,164.9178,2.9962,89.8204,0.0981,0.7155,3.0561,65.2091,41.8787,1.5191
470,124.8318,5.0401,52.4408,0.1537,0.6167,10.9425,186.2008,31.8984,2.0122
471,152.1846,3.1681,61.6943,0.5571,0.7036,10.6791,121.2043,42.847,2.4446
472,174.4408,5.0078,89.6593,0.4544,0.7475,4.7685,121.2644,47.233,2.008
473,152.0588,5.4328,36.0024,0.4484,0.8562,4.4414,121.1875,49.4823,1.5465
474,104.6768,1.4262,77.1669,0.0277,0.3044,9.7881,63.6099,16.2665,1.498
475,122.5188,4.0935,32.7553,0.2639,0.503,5.0478,76.4151,38.1535,2.689
476,119.9718,2.4276,17.0775,0.4244,0.6557,9.2452,92.6538,20.1315,1.0812
477,193.9022,2.031,51.3873,0.7758,0.738,8.9309,138.2311,33.1788,1.3851
478,115.3993,3.2449,11.7297,0.0169,0.2449,8.3747,199.473,14.5717,1.9838
479,187.6983,5.5401,76.5114,0.2573,0.6644,4.6683,105.6583,15.2671,2.2162
480,186.8561,2.2102,32.8687,0.4317,0.9506,8.1682,177.5093,15.3685,1.9035
481,162.2868,5.7091,90.9268,0.4935,0.6547,7.0156,52.139,24.1352,1.2821
482,80.7231,4.3195,12.2542,0.8776,0.0781,1.5937,166.6264,28.8758,1.901
483,114.2445,4.6518,45.2644,0.0298,0.9642,11.7933,119.5628,40.4217,1.7806
484,147.1264,2.1201,47.4753,0.7414,0.1568,6.9074,150.4182,46.804,2.4132
485,88.7477,2.5845,99.0972,0.6242,0.9348,11.0527,117.2136,35.9029,1.9175
486,74.7013,2.1552,46.339,0.1896,0.2083,1.427,105.5424,23.1145,2.3288
487,122.9006,3.0773,72.3981,0.5363,0.1496,10.4054,185.7408,28.529,3.173
488,140.1504,2.69,11.8994,0.4209,0.888,12.0764,140.9408,24.6168,2.7165
489,147.8318,1.5895,59.3642,0.1408,0.3653,5.3508,66.5517,34.3533,2.4718
490,142.4891,4.4053,47.7237,0.2552,0.4414,8.044,59.0311,35.3369,2.3871
491,94.5952,3.8027,32.5771,0.8732,0.4212,1.2528,67.9092,42.716,1.8938
492,102.432,5.3961,54.5668,0.7365,0.1651,5.9476,78.9411,18.6686,2.4593
493,107.8221,1.7866,90.4669,0.5963,0.2229,5.3198,80.7322,17.5615,1.4827
494,81.4169,3.0127,89.6533,0.7448,0.0213,11.5826,194.0747,31.2103,2.5935
495,81.2909,3.8638,70.4352,0.7453,0.3477,4.8649,69.6947,13.3862,1.2538
496,119.2704,1.6298,42.1315,0.8841,0.1213,9.4894,157.3404,22.147,0.8846
497,69.9571,5.0171,80.6506,0.9108,0.2765,11.0948,185.191,49.7806,2.6623
498,67.4199,5.5372,79.8559,0.8193,0.4205,11.5266,115.3781,43.1916,2.3916
499,126.0181,3.3737,90.4102,0.1529,0.6929,5.9996,164.1891,18.7194,1.5612
500,,,,,,,,,
501,111.2173,3.758,38.1659,0.2886,0.3189,12.3011,118.6349,36.6449,2.9284
502,162.9522,1.9182,58.9346,0.176,0.201,10.6967,164.7729,18.2987,1.9394
503,196.8318,3.4004,62.6723,0.6133,0.4862,11.0303,52.7866,22.2436,2.2181
504,125.0793,3.6493,28.2137,0.119,0.1131,2.8408,74.7458,33.2167,1.889
505,88.7158,4.7077,95.708,0.7264,0.3957,6.4416,145.2564,31.1298,2.4598
506,144.7713,1.8491,73.6807,0.5171,0.3917,5.7792,94.594,11.1631,2.1518
507,72.4367,3.0481,78.7965,0.5592,0.8546,3.6103,93.4932,36.9948,1.5641
508,189.7458,4.7826,52.4909,0.5481,0.7951,5.58,109.0486,49.1371,2.6657
509,163.9642,4.5299,88.0639,0.0021,0.7478,4.4095,102.241,34.0952,2.3067
510,73.3692,1.7163,88.5535,0.8934,0.1584,8.0368,92.728,21.0523,2.2484
511,65.1988,2.6115,16.9414,0.6576,0.8207,5.1014,114.9841,28.2476,2.1484
512,188.9888,1.6214,86.1441,0.7036,0.2202,4.3643,120.5138,22.9462,1.5631
513,193.5152,2.1581,86.97,0.7987,0.6235,3.1615,146.403,22.1619,1.652
514,87.8267,2.6968,84.3195,0.0923,0.9662,4.1027,137.2839,39.9846,0.9916
515,76.3416,2.8719,45.6297,0.3347,0.1325,8.5403,74.591,40.0477,1.8257
516,153.7417,3.359,63.2299,0.0598,0.3545,8.072,168.8261,17.0773,1.7285
517,199.8365,4.5637,60.6574,0.0263,0.9272,5.7527,196.2638,38.099,1.924
518,88.8074,4.3999,78.2201,0.8445,0.5929,9.2039,95.8704,41.5952,1.2629
519,104.6134,3.7562,98.6314,0.4596,0.4931,3.0789,183.2166,22.0432,1.8321
520,104.6095,2.4699,15.7437,0.1838,0.5724,7.5327,146.0747,50.319,2.1052
521,119.8383,1.715,81.8801,0.5364,0.6461,8.7674,106.8508,38.0122,1.9073
522,89.8176,5.0059,48.2711,0.0141,0.5327,8.8779,179.287,33.8153,2.6622
523,134.446,3.5725,44.4843,0.0509,0.9767,7.4867,180.5049,43.7617,2.3853
524,175.657,3.8923,63.9759,0.8937,0.4608,2.5292,123.0129,39.4494,2.2813
525,110.0655,4.2767,28.8082,0.1644,0.6657,2.5811,168.2884,33.9992,1.8846
526,92.8309,4.9445,88.6625,0.319,0.2821,5.3085,137.9511,37.1026,2.805
527,191.1273,4.5408,15.7075,0.524,0.7284,6.4225,73.6419,34.7513,3.5191
528,133.3053,3.2885,20.154,0.8883,0.2665,3.3953,136.6765,45.0934,2.2848
529,85.2375,3.3937,83.6655,0.6487,0.7994,4.4119,109.9481,14.5026,2.5029
530,102.8276,4.2357,72.3723,0.6843,0.7806,1.9033,146.5216,14.1726,2.171
531,125.7735,2.5933,76.7852,0.1279,0.7768,3.1304,176.3967,22.0589,2.6901
532,63.9362,1.3823,45.1785,0.5325,0.2394,1.9161,154.6854,30.3728,2.2006
533,55.9466,4.8539,74.5867,0.4644,0.7946,7.2624,97.3523,44.7359,2.379
534,156.9934,4.0569,38.1052,0.256,0.4191,9.5849,56.8225,35.8299,1.7703
535,162.2258,3.3068,80.4299,0.6104,0.456,9.9071,103.5493,30.047,2.2212
536,121.0482,5.0259,22.2862,0.4168,0.1853,9.0261,77.5701,15.7741,1.904
537,180.312,4.31,94.4023,0.832,0.603,4.3846,162.4443,32.4051,2.0702
538,138.7799,1.843,87.8137,0.0017,0.6817,5.3514,52.0961,15.944,1.6933
539,164.5879,2.8252,10.9609,0.0618,0.5087,7.128,136.1105,25.0666,2.579
540,191.1401,4.1305,45.3204,0.2949,0.3467,4.325,60.566,27.2778,1.635
541,169.1883,4.8352,35.2264,0.9449,0.258,8.3068,82.7951,17.4627,2.6757
542,97.3758,4.8599,80.3203,0.0129,0.7019,7.3942,109.1132,47.2821,2.8211
543,68.2534,3.5976,27.0569,0.7861,0.7065,9.7442,121.5951,24.5894,1.6154
544,56.7032,1.9801,35.4123,0.8612,0.3565,11.4595,56.0659,26.7626,2.755
545,109.4839,3.3252,16.4044,0.8251,0.0756,5.4592,59.9168,39.7799,2.3518
546,51.5638,2.4368,34.0056,0.7322,0.3164,11.5622,161.4325,32.5395,2.1953
547,161.1548,4.6778,27.5935,0.9333,0.7149,7.5134,93.8489,20.6321,2.0179
548,118.4801,2.4671,94.2838,0.5573,0.3976,4.7131,130.9083,29.1395,2.6453
549,160.6266,2.7272,83.0668,0.5047,0.8961,11.5347,124.2072,21.3304,2.3956
550,124.9731,1.8761,95.4284,0.1083,0.6097,11.8799,121.4111,26.9315,2.0483
551,52.2346,3.3663,34.1977,0.0781,0.8809,11.1326,161.4193,13.2606,1.3804
552,181.5445,1.9415,28.9878,0.8573,0.9693,6.7872,134.1142,47.5282,2.4734
553,188.6916,5.4411,61.9569,0.6163,0.5768,7.0686,127.0734,47.9075,2.5809
554,140.7415,3.6429,67.9308,0.3101,0.1755,3.3234,73.2454,19.0851,2.9061
555,155.4529,5.3467,94.8967,0.9313,0.29,11.7093,78.9323,48.4758,2.4812
556,59.8177,1.8717,66.314,0.2062,0.5188,2.1637,188.0515,31.4263,2.6201
557,154.7099,3.7745,33.1888,0.6903,0.0257,10.2933,86.0308,11.8713,2.0482
558,62.6697,4.7682,51.834,0.1488,0.8688,3.2404,81.3642,18.7967,1.1514
559,98.7754,4.2914,45.1647,0.2074,0.6954,4.829,78.4101,35.5855,1.9968
560,95.0721,4.0321,20.2476,0.8003,0.8931,8.9184,126.9097,30.9348,1.9223
561,177.1524,5.7443,41.5155,0.9547,0.8652,2.0265,169.8116,27.8003,1.8366
562,120.0859,3.875,60.8388,0.7852,0.8156,9.8641,161.1205,22.1157,1.7533
563,60.1929,3.6479,53.9371,0.7189,0.6858,2.0841,70.7763,46.4572,1.8518
564,86.4118,4.7069,25.1917,0.8963,0.5331,10.5989,68.1326,23.9198,1.8395
565,116.7491,3.9273,29.9758,0.4175,0.2477,7.4414,159.1994,15.5388,2.6223
566,193.069,2.4089,95.0537,0.8642,0.3504,11.2217,136.8802,35.9697,2.1892
567,86.4493,4.1414,27.5336,0.5774,0.4965,7.3049,57.1713,33.456,1.5616
568,166.7817,1.9874,57.6396,0.2292,0.5,3.9874,166.3121,43.155,2.0549
569,77.1868,1.6224,97.8773,0.0614,0.291,4.5057,129.8764,48.1329,2.5932
570,146.6106,2.6427,78.8957,0.4581,0.0303,6.7819,97.4603,47.8673,1.7722
571,84.0072,4.7414,77.7976,0.6115,0.006,12.344,78.1787,37.5791,1.8258
572,166.1005,4.1765,76.0544,0.8621,0.6628,5.0129,179.3914,14.1159,0.6805
573,132.1636,3.1179,96.2176,0.3904,0.8595,10.0031,168.2564,11.6313,1.697
574,184.8043,4.3568,93.2474,0.0593,0.0589,8.1519,129.6267,25.0356,2.7298
575,66.9608,2.0021,50.4105,0.8671,0.1344,11.9019,96.5731,42.9339,3.0677
576,79.3821,2.3087,27.1079,0.753,0.5941,10.1336,73.0369,40.0369,2.819
577,165.7828,4.8672,30.4973,0.0079,0.689,1.2145,62.788,25.0162,1.871
578,100.7789,3.3069,94.0198,0.8146,0.5074,2.754,161.8586,45.877,2.1218
579,61.1767,2.8709,99.5616,0.9585,0.8414,3.1502,86.477,12.8124,1.4887
580,156.4007,4.0281,99.5919,0.4557,0.7896,6.7337,107.6323,19.6288,2.8027
581,70.8907,4.8724,36.8026,0.3869,0.7841,10.7228,65.9845,31.0132,2.0177
582,67.9186,5.2792,14.8742,0.8442,0.1289,10.9958,189.6855,17.6193,1.695
583,126.0235,1.5493,63.6234,0.35,0.1089,7.5623,159.7971,29.3317,1.8336
584,112.0504,5.1234,89.9627,0.3685,0.7965,8.3388,182.6411,43.5419,1.6394
585,76.5062,5.207,75.9233,0.0956,0.1149,3.757,56.7624,16.4743,1.8938
586,150.7128,2.9067,59.0904,0.9845,0.0398,2.0697,62.6225,43.6238,1.8788
587,112.9901,1.6759,34.4461,0.0642,0.0978,2.371,90.8671,45.3173,3.0135
588,152.9545,3.036,11.0183,0.7351,0.0422,2.8398,51.4402,37.3857,1.4876
589,108.1084,4.5305,69.7586,0.0563,0.5302,4.4776,76.7887,13.5319,1.3329
590,174.0212,1.6315,74.8588,0.5899,0.7923,5.2618,95.7268,14.2689,2.1772
591,136.329,2.9458,29.2014,0.7611,0.2017,10.6256,80.329,24.8546,1.2771
592,172.7629,2.1111,79.7528,0.9859,0.2792,11.9707,144.4895,27.5745,2.7784
593,144.3623,1.3795,46.576,0.8743,0.0313,3.4501,108.6673,17.0836,2.2567
594,105.0023,4.7174,90.1672,0.1055,0.2853,9.2739,84.8799,35.2095,1.8162
595,108.9767,4.1807,78.3224,0.3641,0.1563,7.321,128.0756,23.8532,1.8127
596,171.7231,5.4476,18.9667,0.8981,0.0513,7.2357,90.946,37.8891,1.3167
597,54.5319,2.0229,61.0,0.1827,0.2591,6.953,138.9819,23.4624,1.7671
598,76.8792,4.4285,25.1987,0.6393,0.7308,2.7021,122.8463,30.7018,2.8331
599,144.4888,3.6373,61.6192,0.6001,0.4332,2.8921,63.7156,15.1491,0.9025
600,161.8881,4.7799,62.1017,0.6009,0.0705,4.9077,110.4824,46.3151,1.6212
601,178.2695,3.8903,37.2593,0.8604,0.3672,6.4726,70.6753,21.2554,2.2636
602,166.2232,2.6701,64.1973,0.8624,0.2817,1.6006,96.3711,43.0104,2.0285
603,197.5849,3.3124,21.8795,0.2557,0.3395,1.8466,133.2967,13.2093,2.2372
604,188.69,3.2439,83.8755,0.9405,0.3549,2.2038,140.5518,44.6641,1.5966
605,113.4449,4.6521,82.8971,0.2219,0.6035,2.3825,159.4887,12.3297,2.0097
606,169.2427,5.2744,70.3571,0.3082,0.0018,11.8388,149.3991,45.5019,2.4455
607,94.64,2.9746,23.0078,0.0098,0.5697,3.8392,118.0168,17.9564,1.9727
608,189.688,3.4338,69.5035,0.3759,0.6257,11.8295,164.7551,31.0117,1.8378
609,199.5762,3.2338,44.691,0.0194,0.5983,2.4806,54.4269,13.0852,1.8253
610,161.154,3.447,59.534,0.4739,0.7233,10.2245,193.066,16.2232,1.9808
611,100.5319,5.0925,47.7093,0.2349,0.7735,8.3958,86.197,22.7248,1.6292
612,194.8424,2.466,76.4094,0.6274,0.8582,6.1764,154.5063,18.6352,2.2682
613,56.6183,4.788,13.7877,0.0854,0.5268,7.2991,95.2381,28.9442,2.4001
614,111.6407,4.2463,25.6967,0.3547,0.217,12.8394,154.515,42.9549,2.7666
615,126.5208,4.0514,49.2528,0.8322,0.3043,2.682,120.5818,15.7627,0.7045
616,127.5454,4.9569,64.1564,0.3791,0.3424,6.6033,88.7064,34.9403,2.1374
617,83.7606,3.9426,12.4764,0.7999,0.4089,12.5546,187.1945,27.407,1.6205
618,111.0521,2.4896,80.2797,0.4264,0.9125,8.1954,85.2348,13.128,1.8301
619,157.5587,5.0272,29.3294,0.8626,0.8683,12.5239,62.5476,44.375,2.4891
620,167.0765,2.8835,16.7625,0.3868,0.4771,2.3954,58.2477,39.8762,1.4324
621,158.2804,2.1937,72.9579,0.7836,0.6419,2.6982,98.0199,35.9842,1.8436
622,52.6411,3.496,25.3962,0.1824,0.7043,4.9721,71.0446,17.3087,2.2256
623,151.7369,2.8151,16.2512,0.9014,0.8102,8.5636,89.281,15.6889,2.0355
624,86.9135,1.923,15.6181,0.9859,0.8112,4.914,199.4138,47.013,2.589
625,147.6298,3.293,60.4401,0.5978,0.5543,8.4234,122.447,46.9156,1.9799
626,107.8268,2.5554,56.8051,0.6397,0.3901,1.8594,146.1619,19.0751,2.1278
627,136.8157,5.5444,56.8004,0.9822,0.4265,3.6434,189.9529,24.4601,2.4966
628,84.4585,5.0961,63.5618,0.9515,0.7384,6.4314,54.3443,20.4823,1.9856
629,152.3002,3.6141,73.7242,0.0778,0.8462,6.442,117.3417,36.6561,1.6698
630,186.3176,4.5328,47.2437,0.7116,0.6637,6.7773,172.0062,21.8501,3.3082
631,100.5462,3.6323,47.059,0.6314,0.0239,7.6096,182.712,23.5328,2.0494
632,60.0723,2.771,50.257,0.8295,0.6509,5.8102,177.8023,29.3281,1.8368
633,191.5508,4.4065,89.7582,0.536,0.857,11.0486,106.0133,24.4611,1.9659
634,132.6258,2.2763,80.5992,0.239,0.1897,10.8311,83.2366,40.1156,2.4143
635,175.266,3.0752,78.7633,0.6639,0.7621,5.7987,166.5631,23.2203,1.4587
636,192.7034,5.0912,33.5822,0.729,0.1071,10.7087,89.6718,36.7168,2.3183
637,181.7614,3.0362,15.0653,0.0107,0.3487,10.42,77.7646,43.5954,2.08
638,128.2564,1.9415,12.5828,0.9321,0.421,7.5457,62.6035,45.6335,2.1819
639,197.5248,1.7156,70.3528,0.068,0.9823,7.6357,126.562,38.9081,1.9539
640,115.8752,4.5303,99.6689,0.3286,0.0442,6.596,188.895,16.1616,1.4561
641,87.687,1.8089,77.7748,0.5611,0.112,7.3394,94.2826,20.4577,1.9525
642,180.3222,5.8891,42.1005,0.9977,0.7779,6.8735,165.1982,37.8449,2.152
643,182.6563,5.491,16.3573,0.5968,0.7724,4.7359,64.182,30.2291,1.9667
644,59.1288,3.1634,53.3466,0.0235,0.5819,5.1518,76.0633,35.5976,1.6366
645,160.7241,2.2969,68.543,0.5491,0.9951,12.0032,96.3422,16.5219,1.7993
646,101.185,4.8252,51.5358,0.9544,0.2292,12.0961,92.0038,17.436,2.6189
647,179.9821,4.018,83.8941,0.798,0.7123,2.1822,131.7072,34.4212,3.0307
648,86.7598,4.9452,27.6565,0.2542,0.785,10.2899,60.2196,16.5755,1.7049
649,137.2764,1.9964,90.1692,0.0193,0.63,10.625,174.6795,33.6154,1.6782
650,69.6548,5.6471,71.5836,0.6459,0.2452,8.6858,120.5643,23.0294,1.8946
651,182.6991,3.738,98.0327,0.5481,0.5592,11.6501,137.3196,45.0838,1.3421
652,70.7113,3.7003,38.2199,0.7587,0.4018,12.074,102.3578,28.6755,2.159
653,147.7208,4.3111,80.8844,0.9671,0.6654,5.2515,66.9294,44.005,1.7398
654,84.0649,2.1805,40.5847,0.1911,0.7428,11.827,83.9585,50.2987,2.0483
655,164.1321,2.5202,57.8825,0.3766,0.3989,5.8309,82.2636,14.1703,2.5369
656,78.3977,5.1456,36.0837,0.6948,0.1579,6.4915,92.303,15.2291,2.7364
657,164.7278,4.2224,19.9472,0.2885,0.3259,7.1702,190.3664,21.7772,2.024
658,126.5228,4.5276,21.9451,0.3786,0.2069,11.419,87.7495,12.3796,2.2484
659,156.9642,2.2367,43.3232,0.4787,0.7605,4.8186,113.854,20.8433,1.5865
660,128.7446,1.7895,11.3773,0.3596,0.6258,9.2956,132.1572,44.5981,2.3396
661,134.1458,1.9014,94.5132,0.0052,0.1834,5.5213,66.5472,42.308,1.2521
662,140.8325,2.6146,57.607,0.6397,0.7762,8.3321,80.4347,18.7507,1.416
663,84.7205,3.8007,44.4963,0.776,0.0022,10.6603,129.5336,18.4662,1.6931
664,137.0706,1.7802,95.0151,0.4983,0.7417,4.9293,61.0232,24.1676,1.8951
665,89.6824,3.84,76.2002,0.1483,0.7948,4.4151,60.0167,36.2858,1.8194
666,95.478,4.1404,38.8183,0.7142,0.7173,10.8855,109.2917,39.0294,2.0015
667,124.9499,4.3572,63.9669,0.1229,0.3516,6.2589,124.3531,50.1988,2.1859
668,85.0283,4.0079,60.5523,0.5341,0.4312,8.8799,73.3701,28.429,2.1196
669,143.8146,4.066,46.8802,0.7507,0.7185,7.5998,170.8596,47.5391,1.9479
670,95.769,4.2284,11.4347,0.0647,0.0894,10.5343,146.4791,15.046,2.2897
671,78.6094,4.8835,87.8288,0.8198,0.7961,2.3057,176.5288,11.7051,2.2873
672,185.2679,3.8369,60.4256,0.9803,0.0442,2.356,108.7238,42.9974,1.4722
673,116.2553,5.0796,21.037,0.8653,0.2804,6.4077,174.8127,35.1631,2.2271
674,191.6648,3.4192,30.7813,0.7177,0.162,3.4286,54.8743,12.9604,1.8132
675,112.9133,4.576,40.4692,0.1693,0.4096,7.1163,54.448,26.5848,2.3241
676,52.5408,3.0776,39.643,0.8877,0.7099,5.0878,63.364,42.6804,2.5897
677,80.6197,4.1415,33.2241,0.9607,0.1159,9.9045,119.933,22.4516,2.7639
678,176.2764,4.7891,10.4802,0.6001,0.6095,10.4283,133.4425,49.0016,2.573
679,104.3775,5.065,16.1261,0.071,0.2988,9.5477,186.773,37.5795,2.8694
680,177.0247,1.4207,61.918,0.1988,0.5372,3.8944,176.8464,39.4973,1.3313
681,108.7621,3.499,60.051,0.2033,0.9254,4.7586,117.8959,50.2842,2.2809
682,95.2799,2.7815,74.2126,0.693,0.9267,1.6087,136.9274,41.5245,1.5975
683,170.6408,4.9422,64.5925,0.6179,0.3512,10.9582,103.789,38.1041,2.6226
684,61.8406,1.9025,27.0204,0.5672,0.0075,7.0318,130.683,36.0882,2.0705
685,182.3066,4.9571,58.8123,0.4632,0.6146,4.7961,62.6778,44.2331,2.313
686,113.5189,1.6258,78.7012,0.753,0.5348,9.0738,128.4199,36.878,2.2205
687,99.4369,4.3635,12.268,0.0411,0.0009,12.4372,94.7348,11.1368,2.7152
688,83.4446,4.6419,62.3789,0.8082,0.722,2.9045,87.3365,37.4963,2.9621
689,139.8876,4.9769,72.3107,0.3915,0.9375,10.1036,100.6287,30.0091,3.3057
690,192.196,5.3664,16.7908,0.383,0.8679,6.2774,105.286,34.5519,1.9617
691,103.8129,3.8489,38.9839,0.6284,0.2391,5.2565,145.4596,30.3046,2.3753
692,85.5801,2.5084,26.5741,0.6651,0.4983,6.5218,174.3198,11.5798,2.738
693,87.2912,4.5003,61.5779,0.5222,0.2152,3.9728,77.8468,45.6023,1.2251
694,64.4424,4.1107,85.1144,0.784,0.2188,3.5229,83.0052,46.9863,1.9251
695,86.1979,4.5053,85.7288,0.063,0.2181,4.5396,140.8659,28.9909,1.7641
696,146.8913,3.4766,25.1709,0.2245,0.462,11.4471,158.8141,45.6043,1.8796
697,157.7334,4.6005,72.4466,0.821,0.1428,2.4952,118.0258,46.503,2.5787
698,113.3138,1.6473,66.9591,0.2635,0.9978,4.4128,155.0641,43.0711,2.4483
699,192.5417,5.2308,31.0092,0.5199,0.736,4.2015,117.8858,50.2248,2.5069
700,75.6461,2.4172,32.3596,0.8871,0.002,8.5877,184.3464,16.7687,2.9312
701,158.0932,4.321,64.0186,0.0027,0.8031,3.5141,159.9125,28.1826,1.8009
702,110.933,1.794,19.709,0.1075,0.8414,1.6073,121.3143,26.7968,2.2021
703,86.2468,5.4764,35.8657,0.3885,0.5394,2.8739,105.6771,46.8361,1.644
704,79.3244,5.3544,70.095,0.0543,0.0395,5.4102,110.52,17.7455,1.3903
705,75.2383,5.3157,16.5976,0.3772,0.0175,10.0872,170.5041,40.9518,1.6879
706,197.5477,3.3523,98.3794,0.8946,0.7299,11.1825,96.1782,17.1244,2.6429
707,109.0839,2.1331,76.8548,0.6132,0.4416,8.6616,72.1522,40.838,2.7177
708,142.1907,1.3686,64.0745,0.3181,0.9461,5.7809,56.1688,39.2097,1.6425
709,115.5639,3.5978,59.5805,0.3035,0.7335,8.5337,83.7993,33.4026,1.9634
710,172.2817,3.2257,67.2765,0.0324,0.1624,3.3704,179.1471,20.2043,1.5469
711,163.931,3.8714,81.5898,0.2942,0.0555,10.0161,198.7204,41.4237,1.6656
712,57.0553,1.8225,21.7478,0.2459,0.529,6.2657,76.9913,45.4562,1.6916
713,146.8707,5.4185,56.7313,0.8294,0.6842,12.5674,151.9725,11.9614,2.4772
714,195.3365,4.3364,16.3623,0.8633,0.0326,4.7811,76.4428,42.8467,2.6018
715,178.3677,4.7039,75.8304,0.1727,0.998,8.226,98.842,27.0425,1.5433
716,95.2806,3.3053,63.3281,0.2095,0.0064,11.1616,148.8529,30.5853,2.7663
717,142.2609,4.1067,69.9694,0.8918,0.6805,4.6703,108.8949,11.289,2.4301
718,118.5278,3.1417,95.2073,0.9094,0.8127,1.3395,146.9653,13.8986,1.9064
719,137.7643,5.4047,51.0284,0.9391,0.9213,6.4147,86.9467,22.6786,2.3339
720,134.2983,3.5295,39.5597,0.075,0.8002,7.2932,177.8294,32.9611,2.4582
721,160.468,4.7888,44.4633,0.3304,0.2876,3.4221,130.8619,45.5458,1.5166
722,98.7092,3.8496,92.3747,0.3535,0.0366,10.7373,117.9751,44.7898,2.3362
723,115.3247,2.5889,62.3734,0.8925,0.63,9.388,193.1108,49.0154,2.2305
724,136.9532,3.2401,98.6894,0.5503,0.1241,8.005,103.2559,11.1174,2.3907
725,51.7915,2.485,96.265,0.9827,0.6133,12.235,177.9499,26.8702,1.8265
726,91.4462,4.5513,64.2586,0.2316,0.9875,7.3513,60.3381,49.9479,1.9377
727,123.8325,4.1042,43.2336,0.0621,0.8394,6.3331,125.2619,31.9858,2.6824
728,77.3493,1.7624,91.7611,0.9945,0.4899,2.7187,183.4443,22.6463,1.2485
729,158.0321,4.7297,50.5651,0.9173,0.7933,11.9736,198.7448,43.3547,1.8627
730,66.694,3.1414,75.4225,0.6154,0.583,6.3269,168.273,29.9793,2.7453
731,159.0711,2.6121,53.3794,0.5936,0.3884,5.0023,73.7814,28.77,1.9856
732,174.2479,2.6211,18.5918,0.6424,0.5696,10.359,146.8712,38.574,2.9138
733,153.1115,1.8703,92.0595,0.8268,0.7109,10.6493,106.4797,14.9896,3.174
734,187.9105,2.6416,17.294,0.6905,0.4647,2.7959,90.3981,26.0018,1.9541
735,157.0649,2.6554,55.7167,0.9603,0.4771,2.3967,53.3164,34.5261,2.2974
736,83.6889,3.1536,66.6253,0.5922,0.7803,2.86,163.7792,37.966,1.8896
737,173.9371,3.9993,96.7606,0.3887,0.7599,2.3642,134.8324,12.2155,3.1017
738,86.729,5.1619,26.0875,0.7674,0.8112,7.9357,53.8848,14.2975,1.8265
739,175.2983,4.4215,37.0638,0.6946,0.8501,4.0165,128.2575,20.0302,2.9437
740,138.891,3.4528,52.0538,0.1731,0.0576,9.1583,154.9064,30.0655,2.146
741,127.6339,3.0552,87.1853,0.9051,0.9023,10.9562,151.4734,31.2294,2.2437
742,137.8143,1.6501,11.4915,0.106,0.4185,7.374,139.4357,25.7543,2.6606
743,109.8117,2.9179,80.0802,0.7098,0.3403,10.161,65.8442,13.0718,1.8326
744,91.1264,3.5685,61.5366,0.7241,0.4867,5.9477,82.9156,31.2369,2.7624
745,119.8511,1.7187,89.5052,0.0235,0.9793,10.2116,184.7855,12.4338,2.0864
746,71.6814,4.6941,23.471,0.2769,0.766,10.2484,56.5832,23.5024,2.4201
747,143.8388,3.764,87.4563,0.3531,0.3883,4.1011,171.5846,35.4772,2.0699
748,132.344,3.4274,82.1949,0.1648,0.1905,12.8783,98.51,22.8941,1.8448
749,151.1313,4.8969,80.5332,0.7017,0.0229,9.5562,100.5498,13.4036,1.9183
750,,,,,,,,,
751,189.5333,5.0798,52.6147,0.9991,0.4733,2.87,137.119,16.5455,1.8545
752,128.0004,1.259,45.0677,0.0079,0.533,10.2417,111.3412,47.62,1.3912
753,52.387,3.5628,67.4234,0.6156,0.7617,8.6496,139.0307,23.1336,2.7635
754,182.3453,3.7353,19.7003,0.8546,0.2046,6.397,199.3837,26.8261,1.8453
755,68.6753,1.9765,71.3586,0.7743,0.6682,7.0466,103.9439,34.4664,1.8108
756,159.4602,3.9275,40.5902,0.3701,0.8227,4.2056,131.2951,33.824,1.4296
757,80.4363,5.0454,48.6369,0.5564,0.4916,8.238,114.9183,50.0043,3.1158
758,68.5752,1.4616,30.2438,0.2243,0.8261,1.6751,156.8916,10.5527,1.7013
759,193.2858,1.6771,89.4962,0.5185,0.2997,12.365,92.7004,26.1283,1.5272
760,55.9647,4.0534,20.5004,0.1087,0.472,12.5363,169.5869,15.7293,2.1612
761,54.6806,4.7451,10.9553,0.4907,0.3907,3.6531,167.4035,47.9561,1.439
762,118.1645,3.2786,97.4605,0.7484,0.9361,5.9123,182.587,49.603,3.3028
763,138.7922,2.4,49.9152,0.8851,0.2055,5.0221,119.3875,24.0639,2.7036
764,76.933,3.0366,65.5325,0.0934,0.1192,4.544,64.1314,35.5212,2.1179
765,159.07,4.7518,96.5414,0.5098,0.918,2.63,155.7869,15.8756,1.8694
766,191.5202,1.2901,53.701,0.1323,0.4318,9.4706,199.6767,45.5176,2.0512
767,125.0583,4.2622,67.0863,0.5734,0.7493,5.6003,178.6955,27.8276,2.1847
768,69.1343,2.1591,83.7817,0.0892,0.4986,4.0692,78.2311,31.3394,2.7023
769,176.6733,4.4544,95.302,0.68,0.5177,6.8613,109.264,16.7667,2.0397
770,192.1942,3.85,78.1378,0.0797,0.0322,5.5658,190.3675,44.6788,1.6906
771,175.0599,4.3564,19.8402,0.0989,0.1484,2.2729,100.6796,32.6436,1.7853
772,135.3232,1.8654,39.4421,0.4333,0.1076,6.2058,110.0092,40.4488,3.1578
773,176.3825,2.5084,33.175,0.1472,0.0325,8.9629,177.3153,27.318,1.8389
774,107.3448,2.307,12.802,0.2188,0.0476,8.3718,73.2047,31.4325,2.1979
775,125.7303,3.4691,87.3584,0.8725,0.8912,6.5224,96.7066,13.7111,2.7267
776,62.8336,3.4294,17.5613,0.027,0.2859,12.0993,64.6402,33.2166,2.5674
777,99.5306,2.0515,23.0256,0.0083,0.4632,9.3719,103.6733,25.5212,2.2821
778,187.6643,2.7595,93.1561,0.4385,0.2638,12.1775,51.9336,46.1351,2.0895
779,178.5038,4.4108,52.1792,0.4015,0.7495,10.7052,124.2798,35.4728,2.5589
780,139.7587,1.8235,86.6495,0.7253,0.3197,3.0828,197.4819,21.6437,2.2352
781,185.8918,5.2382,91.3685,0.813,0.7802,4.2753,193.0502,16.1266,2.1478
782,114.3737,3.4843,18.2364,0.7648,0.4897,2.3643,120.9468,38.0354,2.0918
783,191.5641,4.5637,37.4698,0.8063,0.8475,6.2616,156.706,40.8526,2.3644
784,192.3708,1.7232,81.35,0.5889,0.3961,6.857,112.6501,22.5745,1.6122
785,135.688,4.6198,27.9533,0.8154,0.0153,12.4578,159.5508,38.215,2.0136
786,57.819,2.0276,48.6375,0.8474,0.9733,11.6453,67.0046,50.1423,1.6314
787,183.0692,1.3391,100.2495,0.0007,0.7363,3.7432,81.1767,29.081,1.2816
788,187.3917,4.1332,47.0904,0.426,0.1306,5.8301,74.3623,19.2867,1.8979
789,192.1027,4.2258,48.7289,0.0277,0.5232,7.1275,118.9207,22.4952,2.5769
790,121.426,3.7569,46.9306,0.5286,0.3968,8.0357,176.5608,12.1621,2.2485
791,93.8586,3.9641,89.7444,0.9666,0.8443,4.4963,54.4697,45.4933,2.5007
792,63.1696,2.4624,58.2693,0.0791,0.4676,4.4888,170.4855,23.8572,1.4211
793,182.8494,2.3707,83.8461,0.0249,0.9594,7.8249,72.9884,42.0621,1.4109
794,158.6936,1.7443,93.1717,0.8203,0.739,5.3005,179.205,43.1331,1.8131
795,170.873,5.3551,43.4907,0.6418,0.108,9.791,171.329,44.0012,2.8418
796,166.0525,3.2777,42.3351,0.0607,0.616,5.0788,200.6633,20.687,2.5328
797,172.7115,2.0862,19.235,0.3902,0.0517,3.4805,149.0607,11.999,1.9413
798,66.9293,1.5574,47.3035,0.6931,0.3757,7.676,78.8802,46.9782,2.1871
799,101.2924,4.3299,97.596,0.2127,0.69,3.0892,104.8004,25.1443,3.2119
800,172.5833,2.7519,40.5719,0.2073,0.0743,11.6479,107.1278,42.3023,1.9263
801,160.1672,2.6779,38.9587,0.5112,0.7713,3.8634,129.1473,50.3659,1.5985
802,165.1805,3.3676,50.105,0.7382,0.9829,6.1319,125.5945,14.4653,1.6022
803,164.5113,3.1109,90.4963,0.0583,0.538,9.4249,175.1084,42.7632,2.7496
804,60.0648,3.7853,57.8981,0.0505,0.272,8.1813,114.163,27.8971,1.6098
805,174.3541,1.5212,50.6775,0.7708,0.7153,4.7769,185.1398,14.5919,1.7682
806,63.1148,2.6862,12.8729,0.3807,0.337,12.1759,161.3013,39.9237,2.0635
807,173.5551,5.4706,33.8175,0.5553,0.6426,6.8596,100.4098,45.0754,2.1278
808,97.6952,2.6846,60.7816,0.8453,0.2192,8.9822,126.4756,12.2004,2.063
809,81.8482,2.6566,33.7681,0.3901,0.3009,2.7554,194.4242,45.8641,1.9144
810,79.9584,1.5833,15.6322,0.7747,0.4046,4.4246,165.4309,26.468,2.3028
811,62.231,3.4572,20.0975,0.2984,0.2657,3.6462,110.9769,23.147,2.3992
812,125.6588,2.8448,42.3147,0.7473,0.0741,8.4523,112.0791,11.1758,2.8733
813,168.4943,3.1354,68.7114,0.8923,0.4897,2.2774,160.5276,19.7551,2.1455
814,148.1297,3.4484,98.3953,0.7536,0.1442,6.2956,91.5509,31.9256,2.1067
815,198.8195,4.4518,89.0541,0.0617,0.9338,5.6382,71.3942,11.2677,1.1308
816,166.0045,3.3011,82.3033,1.0,0.5186,3.9492,117.5767,32.2295,2.5138
817,159.504,2.3164,12.6987,0.6537,0.6173,3.3035,77.0252,25.9399,1.5905
818,112.3085,3.85,20.2483,0.4432,0.3286,5.5811,93.0262,17.2876,2.9193
819,68.7101,5.3488,72.8225,0.0963,0.6875,7.0696,128.5659,23.2327,2.0119
820,107.2233,3.4711,57.8382,0.1769,0.439,8.5632,168.1049,37.1836,2.5932
821,178.95,2.314,78.2512,0.6729,0.6242,9.385,92.9823,15.4528,1.6271
822,101.1601,4.9691,35.8908,0.9511,0.6442,10.7643,104.0553,11.9336,2.4289
823,68.5253,5.2574,55.377,0.4375,0.717,5.6839,126.3345,30.5581,2.0215
824,130.4487,2.8087,34.863,0.4702,0.862,5.8984,184.3593,26.4644,2.3534
825,142.0499,1.296,34.7809,0.7542,0.3615,7.3325,138.8151,21.4159,1.7657
826,67.8741,4.5944,74.1565,0.0761,0.8233,10.5208,155.9615,36.8795,2.4493
827,165.4474,2.4116,28.7326,0.3601,0.0341,7.6703,160.8886,15.2854,1.7775
828,126.3548,3.4875,22.3046,0.4836,0.9698,2.9903,80.4159,13.0998,1.3068
829,138.9158,4.22,17.1844,0.7427,0.3682,2.6203,81.0207,45.9226,1.9813
830,56.3886,3.8242,89.9356,0.3876,0.3613,2.0486,59.996,14.5918,2.1151
831,82.3943,2.6731,86.866,0.0728,0.8187,1.4352,165.5208,15.5074,1.6095
832,116.6328,4.7877,86.4472,0.7583,0.755,10.05,179.9372,12.6699,3.0034
833,66.0153,5.2225,57.7799,0.035,0.0918,2.7095,101.7968,49.0446,1.6284
834,159.6318,4.7123,15.2835,0.3524,0.8563,2.2672,97.4195,32.0205,1.7501
835,82.9682,1.4184,34.2699,0.3101,0.1337,9.5371,82.3573,23.1304,2.2824
836,104.7488,1.6755,23.3025,0.7445,0.5503,5.5944,80.2823,20.6224,1.1789
837,55.5472,4.2318,25.2864,0.1903,0.621,9.5413,178.1734,36.1845,1.3673
838,88.5756,5.0443,95.3209,0.5353,0.4431,8.7609,133.863,32.1535,2.2476
839,178.2176,2.2265,81.9608,0.8421,0.5843,5.786,86.215,24.5647,2.442
840,131.0084,5.4008,43.572,0.7177,0.2922,12.4878,170.0874,15.2535,2.2893
841,160.2406,5.1455,28.9501,0.2845,0.6457,2.2889,186.8772,17.3017,2.006
842,81.2262,5.1379,93.7708,0.0203,0.5036,1.6581,97.5242,30.3779,1.9818
843,79.7362,3.9518,65.7431,0.4339,0.4047,5.5674,165.5885,36.3458,2.5294
844,138.0094,3.3325,93.1782,0.931,0.262,12.4087,186.9289,47.9533,2.2976
845,79.5003,2.3393,74.287,0.6181,0.0474,1.485,173.3179,27.7064,2.4336
846,80.6252,5.6385,27.5873,0.8861,0.3549,1.8626,62.5683,12.5854,2.053
847,65.7387,2.7456,35.0308,0.7452,0.3663,11.5464,89.2333,18.1662,2.6906
848,164.4412,1.9218,38.3086,0.2969,0.6704,11.536,187.9142,24.9969,2.1954
849,63.7618,5.4074,50.4754,0.7197,0.1744,10.8657,68.1866,20.4087,2.1104
850,,,,,,,,,
851,180.889,4.9672,26.4246,0.5244,0.2915,11.8122,128.0654,30.5703,1.9617
852,74.4723,4.6434,16.8044,0.7312,0.015,8.6245,183.8423,43.0005,1.8981
853,195.1565,2.3131,27.9411,0.36,0.8107,5.2097,78.838,10.22,1.9728
854,101.4832,3.778,44.4307,0.5215,0.4697,12.0002,184.8867,36.0235,2.1461
855,183.6258,3.6398,76.9067,0.8016,0.7007,2.8864,52.1741,30.9368,1.7045
856,61.3702,2.8565,66.4155,0.4884,0.5007,9.9349,67.6741,15.3031,1.5668
857,72.2081,3.1717,46.7109,0.461,0.7956,2.0096,160.6993,20.2806,2.718
858,116.4891,3.4817,74.4365,0.3162,0.3037,6.037,192.778,38.7256,2.8668
859,57.8329,1.4058,30.4609,0.8858,0.0143,12.4438,83.3496,46.4965,2.4689
860,90.5505,2.1805,41.1628,0.3719,0.5172,3.2112,164.1162,46.2508,1.9885
861,140.3218,4.1358,59.5898,0.7965,0.5602,8.6566,74.67,24.643,2.7753
862,70.4715,1.6291,54.8349,0.0003,0.0296,11.6592,103.8445,34.7006,2.6376
863,69.2147,4.5879,81.449,0.9107,0.4743,3.915,96.3396,26.1256,1.6515
864,110.6638,3.0959,31.3013,0.6151,0.0693,3.5689,181.3956,27.9763,1.679
865,66.0667,1.3322,88.6222,0.24,0.3331,9.8552,167.6213,17.3434,2.252
866,148.7889,4.5632,83.9322,0.8337,0.6106,2.8598,110.235,32.5818,2.0735
867,169.4894,2.0747,46.1845,0.372,0.9647,11.0517,63.439,21.3108,2.5726
868,121.4882,1.7676,89.6291,0.0848,0.666,8.1292,197.5667,38.8237,1.3368
869,60.3977,4.208,67.6841,0.5188,0.1526,11.0301,188.5384,49.3995,2.7515
870,142.7389,5.6616,60.3278,0.5614,0.7758,12.4076,105.5134,21.3606,2.4593
871,86.6709,2.0777,63.7401,0.5978,0.5712,8.4227,145.6376,31.3786,1.8211
872,107.7015,1.3543,56.7977,0.149,0.8427,11.4304,69.8291,38.8307,2.6575
873,79.3042,2.9484,69.0066,0.0981,0.8089,9.3741,125.6228,39.8428,2.534
874,146.8065,3.1478,49.2172,0.6369,0.4162,2.54,99.637,36.2897,2.4251
875,173.032,5.1663,50.9077,0.6339,0.9201,2.2573,151.9185,20.8853,2.1351
876,178.8278,3.007,31.4629,0.805,0.0703,3.3683,102.5233,32.5574,1.1357
877,166.0537,3.9944,56.9039,0.5204,0.2214,8.3092,57.2225,38.9726,2.7171
878,132.6146,2.5055,37.7595,0.0714,0.4009,6.2893,96.5569,30.4392,1.3565
879,133.4561,2.6108,42.156,0.5687,0.7913,8.4505,67.0914,47.0415,1.3346
880,81.0921,3.9154,19.6483,0.9288,0.0522,5.2594,197.0686,40.0219,2.557
881,52.7368,3.6129,62.521,0.5682,0.9167,1.8519,170.4395,48.0163,2.3961
882,134.3557,3.4864,98.3954,0.6823,0.3254,6.0479,194.1556,32.996,1.9257
883,155.0134,4.8644,34.3729,0.8661,0.6253,3.7413,120.7488,13.1288,1.2663
884,109.7676,3.1735,89.7863,0.8274,0.8885,5.0298,120.7251,46.1819,2.2602
885,146.5066,3.217,12.6567,0.0481,0.7092,12.1151,89.9009,45.1631,2.141
886,99.4374,3.413,49.3017,0.945,0.9895,11.3923,76.3456,18.6477,1.4515
887,103.1653,2.2494,87.7135,0.6847,0.1117,5.0318,75.8818,19.3985,1.9917
888,107.4454,3.9301,37.947,0.6377,0.0192,4.2191,112.4787,32.3813,1.5659
889,177.6053,3.6475,26.0566,0.7886,0.5889,3.113,159.9983,12.3836,2.0599
890,80.6671,4.002,70.1793,0.1759,0.2944,11.4961,152.245,14.8951,1.6963
891,195.9504,4.9872,95.7171,0.0806,0.4858,3.7995,175.6563,23.9976,2.1451
892,89.942,2.9543,67.2158,0.2134,0.0602,6.3713,173.5851,31.2215,2.8349
893,124.5504,4.2736,19.079,0.5485,0.172,9.6236,78.8434,48.0849,3.0629
894,89.3456,3.7018,77.7969,0.2715,0.0538,9.1822,195.7828,34.182,1.3764
895,122.5237,4.132,11.009,0.0511,0.1706,12.1867,140.9007,14.4459,2.5062
896,110.0658,5.2708,59.112,0.3981,0.4524,2.5597,170.748,34.5815,1.5464
897,106.8892,3.3775,87.1115,0.5595,0.1572,6.335,101.0654,34.8839,2.9126
898,95.292,1.9693,49.505,0.1808,0.6252,7.3835,95.4662,46.4198,1.6227
899,53.9775,2.7623,30.0317,0.9321,0.4114,10.4454,61.813,20.3573,2.2002
900,171.7734,1.9246,89.6988,0.1289,0.0667,5.7475,118.438,31.8101,2.6689
901,,,,,,,,,
902,89.841,5.2695,46.5292,0.9401,0.1794,11.5678,153.1969,17.1753,2.1853
903,78.5106,4.4267,52.2273,0.7257,0.1078,12.2647,197.7168,39.2844,2.2048
904,73.9142,5.0832,13.2509,0.4878,0.6945,2.7968,194.4433,39.6977,1.9041
905,193.1344,4.3909,57.8798,0.8119,0.5907,3.4098,112.5608,44.0049,2.5183
906,139.8226,3.5906,64.4479,0.5478,0.8445,4.9911,114.4877,20.2185,1.8774
907,90.1248,4.1691,48.3424,0.112,0.5405,5.8278,158.071,31.6746,1.8539
908,89.4057,3.0022,13.8091,0.6242,0.9245,12.2889,73.6955,28.3058,1.973
909,199.1172,2.166,20.4975,0.7002,0.2721,10.0105,180.7823,44.2678,1.3862
910,146.7061,3.6364,45.3577,0.7654,0.8894,9.0326,192.4956,35.1255,1.2629
911,74.5911,1.1674,48.7113,0.3069,0.1663,9.0596,150.5614,23.7843,1.0207
912,169.6712,2.3923,92.4125,0.6367,0.379,5.6521,67.3446,48.7779,2.3834
913,116.2047,1.439,43.7623,0.0067,0.2756,8.9257,91.0952,31.4232,1.8445
914,151.289,3.5105,76.1096,0.8859,0.8853,1.8077,105.9445,43.6706,2.5439
915,138.7355,2.6743,66.2028,0.4609,0.0109,4.1878,177.257,15.7951,1.5333
916,71.9925,2.7179,13.6064,0.3259,0.0877,12.8046,105.2112,24.6401,2.6685
917,69.3978,4.172,51.9911,0.9646,0.1808,7.5274,147.4358,39.8455,2.9077
918,163.5028,2.1156,71.4166,0.5394,0.9905,9.9294,186.0387,32.8759,2.4459
919,86.1413,2.3351,38.2563,0.6245,0.3422,8.1461,154.3008,49.3584,1.2911
920,157.3897,2.1556,76.7192,0.5693,0.8395,10.0269,73.0766,12.9817,1.8936
921,54.3138,4.7067,94.4253,0.5432,0.5938,7.0096,152.1267,11.1797,1.9476
922,196.5154,4.7334,35.0704,0.793,0.9189,12.0246,104.2956,49.0117,1.4766
923,125.6402,1.754,63.7959,0.2108,0.0255,11.8037,90.801,23.023,1.948
924,114.5728,4.4546,11.7942,0.1643,0.1457,11.1064,182.7755,14.254,1.7459
925,169.3722,3.9556,67.2071,0.3645,0.2113,2.3385,51.6306,15.2308,2.0195
926,111.8058,4.3484,56.9809,0.3785,0.8736,1.7474,154.8633,44.7116,2.1583
927,153.8403,4.8384,44.7651,0.5309,0.7325,5.9916,149.7478,28.5161,2.8134
928,54.3118,2.6917,92.2483,0.0787,0.4759,7.4623,149.76,22.8956,2.4489
929,188.6395,4.075,94.9401,0.377,0.8887,5.4409,118.17,24.1674,2.4498
930,132.5686,4.0708,40.6727,0.797,0.5801,8.6281,186.9214,44.9703,1.8959
931,159.9048,4.878,58.6613,0.6939,0.7989,4.1928,110.2775,28.3146,3.445
932,192.2318,1.6507,18.8198,0.2431,0.2853,5.9454,51.3538,28.8764,2.7899
933,113.1828,4.3837,58.3042,0.7751,0.3484,9.7917,123.5719,12.0424,2.3882
934,65.8107,3.462,89.6006,0.4389,0.6785,5.9343,157.764,21.7902,2.047
935,55.1194,2.5021,28.1521,0.2705,0.9474,12.4832,149.673,22.2567,1.6314
936,121.0996,2.6258,15.1496,0.7182,0.2071,7.0701,126.2072,36.8878,2.1256
937,136.7112,2.3488,45.977,0.9733,0.4981,10.3487,179.566,47.6734,1.9741
938,103.3365,1.6382,28.7205,0.1718,0.8451,7.9659,178.0592,39.4645,2.1713
939,123.3051,2.5543,35.8562,0.1608,0.1324,8.9337,172.4738,41.2597,1.4244
940,69.3127,3.5263,94.2005,0.4927,0.5617,8.8695,117.9734,27.6117,2.3099
941,74.4946,4.4717,89.2918,0.5078,0.0732,1.9401,145.1461,20.3602,1.7979
942,186.0614,4.8657,40.0649,0.9118,0.8758,10.3835,171.769,21.0802,2.6185
943,76.5721,1.8736,91.6835,0.6905,0.4648,3.7429,60.9284,22.0823,1.3428
944,130.9999,1.5041,86.135,0.5664,0.6531,5.0662,64.1362,40.8685,1.7331
945,99.5484,2.6276,98.6789,0.5138,0.4892,2.5175,120.0859,27.2861,1.3824
946,193.0492,4.8869,58.2571,0.2954,0.1332,6.3668,54.7919,32.8645,2.0741
947,64.7031,5.2731,57.2297,0.3741,0.5763,5.9365,117.1099,45.8846,1.0769
948,84.9459,2.0318,95.6305,0.3773,0.2392,5.1334,83.8288,21.9043,2.7927
949,95.3035,2.7949,89.5481,0.8339,0.5499,12.575,154.7092,48.3884,1.4103
950,104.2161,2.3413,96.1875,0.451,0.8387,11.502,134.4238,48.9806,1.3182
951,64.957,2.6675,41.3538,0.7856,0.0145,2.5715,152.1541,27.4482,1.6836
952,73.3829,2.9111,50.1881,0.3887,0.0315,9.7912,107.8879,13.9672,1.8071
953,180.2856,3.976,81.9795,0.6118,0.4062,5.5947,92.0343,31.0874,3.0014
954,122.6665,4.4615,66.6968,0.9191,0.8597,9.0079,90.793,27.5302,2.3078
955,74.8368,3.1977,15.0029,0.8907,0.373,10.9227,112.2083,28.3306,2.2499
956,188.0543,1.2664,90.379,0.279,0.5149,9.5929,106.5321,14.6187,2.1055
957,158.8331,4.354,58.4351,0.9042,0.0245,2.2078,162.2711,41.356,2.4717
958,88.151,2.3836,47.0211,0.4726,0.2292,11.4286,79.1428,41.0374,2.4185
959,181.5291,4.3373,78.3667,0.2177,0.8613,7.7197,103.0946,25.5166,1.028
960,161.3097,4.7658,19.5178,0.4451,0.5472,10.6063,53.7917,12.4374,1.4645
961,199.5369,2.7345,54.0428,0.0146,0.3318,12.3423,143.4039,29.3531,2.6624
962,62.6466,1.4361,61.6497,0.5674,0.2217,9.5974,192.8018,10.9825,2.2845
963,143.8271,4.9232,37.2925,0.0847,0.9442,6.6537,167.0957,19.0203,2.1245
964,89.8843,2.741,81.0298,0.2613,0.9033,3.2084,193.5293,39.7044,1.9068
965,73.8131,4.1327,94.6865,0.5572,0.4869,10.1979,136.2489,30.9874,2.3009
966,93.9175,3.3097,66.9272,0.6157,0.9665,6.7073,51.0635,47.6503,1.881
967,159.1114,4.7035,69.1508,0.6854,0.0557,11.5832,67.5806,18.3277,1.5799
968,144.8885,4.008,93.7589,0.6496,0.2744,12.0686,93.2859,31.0715,2.7268
969,97.5426,2.9171,57.4096,0.0121,0.0378,2.463,65.5554,44.6236,2.5628
970,66.5874,1.8148,22.3436,0.757,0.9954,8.6838,113.1068,47.5807,2.2801
971,69.4882,1.8813,86.013,0.5135,0.9526,8.3185,120.836,13.0344,2.253
972,142.3027,4.1238,95.5472,0.5309,0.389,7.3264,81.8487,43.8333,2.4178
973,121.7479,1.5614,31.7375,0.2906,0.5163,3.8866,122.3544,35.853,1.945
974,106.5189,2.442,29.1395,0.1476,0.7041,5.268,100.5918,22.5653,2.6361
975,65.4253,4.0875,58.9082,0.6273,0.8822,8.4695,197.442,11.4422,3.0221
976,124.3722,2.1087,37.2123,0.8915,0.916,12.2103,198.4446,33.9284,3.0574
977,90.0791,1.8445,86.9176,0.3447,0.9294,11.9984,172.6495,13.1653,1.829
978,182.0355,2.2356,51.8854,0.8517,0.9184,9.0099,136.4319,37.2467,2.6657
979,154.3987,2.2551,31.9702,0.4166,0.4406,2.0059,182.3475,45.8747,2.3133
980,112.8846,3.3444,10.8641,0.2006,0.3087,3.0013,175.9035,50.7333,1.7814
981,187.9844,4.3659,20.2183,0.9844,0.5784,1.2926,186.8907,14.972,1.8818
982,134.577,4.1286,42.7023,0.5489,0.8949,2.658,57.0254,22.9521,2.6093
983,175.3183,4.4236,89.5841,0.868,0.3178,4.825,158.7328,44.3778,1.9476
984,139.852,3.4061,44.1722,0.0571,0.6156,4.0559,79.3032,44.9544,2.3726
985,192.285,2.1125,22.6303,0.6621,0.4582,9.1032,178.4501,22.6379,2.3521
986,63.398,3.7051,95.0777,0.843,0.7647,2.5635,147.3718,41.6754,1.8794
987,167.5598,1.6251,72.1592,0.906,0.7954,10.5925,96.5147,35.6996,1.8798
988,56.2835,4.7464,48.1248,0.988,0.3841,3.6097,74.1531,26.0489,2.5343
989,66.5213,2.5537,74.3797,0.4945,0.7802,6.5773,140.1419,22.2365,2.1292
990,172.1042,2.8117,92.148,0.931,0.5645,12.0595,54.4477,19.4712,2.3008
991,159.2045,1.42,26.5792,0.2293,0.1628,1.4781,169.4709,34.2694,1.7954
992,139.8076,3.6083,60.2195,0.454,0.9658,11.9651,98.7507,19.724,2.7513
993,187.7124,4.0968,77.2948,0.5523,0.4057,11.1168,166.7891,31.8701,1.3389
994,109.35,3.8454,99.0251,0.1226,0.4616,7.9516,62.7687,12.3049,2.0746
995,50.985,4.5567,29.0092,0.8325,0.4676,10.0537,199.4712,49.0456,0.5758
996,61.6596,2.6481,51.89,0.3497,0.4555,3.7247,157.335,10.3952,2.2605
997,159.0121,5.6134,22.3879,0.7877,0.526,6.9781,170.1355,14.031,2.4579
998,89.3839,5.1582,61.9813,0.9914,0.9047,11.7219,182.1898,48.6685,2.8926
999,138.4687,4.3431,56.5011,0.2621,0.7355,7.5207,119.24,44.9098,2.2501
